adsh,tag,version,ddate,qtrs,uom,segments,coreg,value
0000007789-26-000071,Liabilities,us-gaap/2025,20251231,0,USD,,,40227249000.0
0000007789-26-000071,Assets,us-gaap/2025,20251231,0,USD,,,45202596000.0
0000007789-26-000071,InterestAndDividendIncomeOperating,us-gaap/2025,20251231,4,USD,,,2172756000.0
0000007789-26-000071,EarningsPerShareBasic,us-gaap/2025,20251231,4,USD,,,2.79
0000022356-26-000069,NetIncomeLoss,us-gaap/2025,20251231,4,USD,,,566251000.0
0000022356-26-000069,Assets,us-gaap/2025,20251231,0,USD,,,32915089000.0
0000022356-26-000069,InterestAndDividendIncomeOperating,us-gaap/2025,20251231,4,USD,,,1483723000.0
0000022356-26-000069,EarningsPerShareBasic,us-gaap/2025,20251231,4,USD,,,4.04
0000034782-26-000011,EarningsPerShareBasic,us-gaap/2025,20251231,4,USD,,,6.41
0000034782-26-000011,StockholdersEquity,us-gaap/2025,20251231,0,USD,,,1274971000.0
0000035527-26-000124,InterestAndDividendIncomeOperating,us-gaap/2025,20251231,4,USD,,,9903000000.0
0000036104-26-000011,EarningsPerShareBasic,us-gaap/2025,20251231,4,USD,,,4.62
0000036270-26-000010,InterestAndDividendIncomeOperating,us-gaap/2025,20251231,4,USD,,,10486000000.0
0000035527-26-000124,Liabilities,us-gaap/2025,20251231,0,USD,,,192652000000.0
0000036104-26-000011,Assets,us-gaap/2025,20251231,0,USD,,,692345000000.0
0000036270-26-000010,EarningsPerShareBasic,us-gaap/2025,20251231,4,USD,,,17.1
0000036966-26-000051,Liabilities,us-gaap/2025,20251231,0,USD,,,74734000000.0
0000036966-26-000051,Assets,us-gaap/2025,20251231,0,USD,,,83876000000.0
0000037808-26-000007,Liabilities,us-gaap/2025,20251231,0,USD,,,43470000000.0
0000037808-26-000007,NetIncomeLoss,us-gaap/2025,20251231,4,USD,,,565000000.0
0000036104-26-000011,StockholdersEquity,us-gaap/2025,20251231,0,USD,,,65193000000.0
0000039263-26-000011,InterestAndDividendIncomeOperating,us-gaap/2025,20251231,4,USD,,,2420747000.0
0000036270-26-000010,NetIncomeLoss,us-gaap/2025,20251231,4,USD,,,2851000000.0
0000039311-26-000009,NetIncomeLoss,us-gaap/2025,20251231,4,USD,,,68541000.0
0000034782-26-000011,Liabilities,us-gaap/2025,20251231,0,USD,,,7737180000.0
0000035527-26-000124,Assets,us-gaap/2025,20251231,0,USD,,,214376000000.0
0000040729-26-000005,Liabilities,us-gaap/2025,20251231,0,USD,,,180504000000.0
0000022356-26-000069,Liabilities,us-gaap/2025,20251231,0,USD,,,29100317000.0
0000022356-26-000069,StockholdersEquity,us-gaap/2025,20251231,0,USD,,,3791371000.0
0000036104-26-000011,Liabilities,us-gaap/2025,20251231,0,USD,,,626694000000.0
0000046195-26-000015,NetIncomeLoss,us-gaap/2025,20251231,4,USD,,,205902000.0
0000036270-26-000010,Assets,us-gaap/2025,20251231,0,USD,,,213510000000.0
0000040729-26-000005,Assets,us-gaap/2025,20251231,0,USD,,,196002000000.0
0000039311-26-000009,Assets,us-gaap/2025,20251231,0,USD,,,5505720000.0
0000036104-26-000011,InterestAndDividendIncomeOperating,us-gaap/2025,20251231,4,USD,,,30970000000.0
0000036966-26-000051,InterestIncomeOperating,us-gaap/2025,20251231,4,USD,,,4186000000.0
0000046195-26-000015,Assets,us-gaap/2025,20251231,0,USD,,,24176364000.0
0000039311-26-000009,Liabilities,us-gaap/2025,20251231,0,USD,,,5002769000.0
0000036966-26-000051,StockholdersEquity,us-gaap/2025,20251231,0,USD,,,8847000000.0
0000049196-26-000015,EarningsPerShareBasic,us-gaap/2025,20251231,4,USD,,,1.41
0000040729-26-000005,StockholdersEquity,us-gaap/2025,20251231,0,USD,,,15498000000.0
0000049196-26-000015,StockholdersEquity,us-gaap/2025,20251231,0,USD,,,24342000000.0
0000034782-26-000011,Assets,us-gaap/2025,20251231,0,USD,,,9055270000.0
0000036966-26-000051,EarningsPerShareBasic,us-gaap/2025,20251231,4,USD,,,1.89
0000046195-26-000015,InterestAndDividendIncomeOperating,us-gaap/2025,20251231,4,USD,,,887823000.0
0000036966-26-000051,NetIncomeLoss,us-gaap/2025,20251231,4,USD,,,982000000.0
0000039311-26-000009,EarningsPerShareBasic,us-gaap/2025,20251231,4,USD,,,3.3
0000039311-26-000009,StockholdersEquity,us-gaap/2025,20251231,0,USD,,,502951000.0
0000037808-26-000007,InterestAndDividendIncomeOperating,us-gaap/2025,20251231,4,USD,,,2326000000.0
0000040729-26-000005,EarningsPerShareBasic,us-gaap/2025,20251231,4,USD,,,2.39
0000049196-26-000015,NetIncomeLoss,us-gaap/2025,20251231,4,USD,,,2211000000.0
0000039263-26-000011,Assets,us-gaap/2025,20251231,0,USD,,,53041424000.0
0000039263-26-000011,EarningsPerShareBasic,us-gaap/2025,20251231,4,USD,,,9.92
0000039263-26-000011,StockholdersEquity,us-gaap/2025,20251231,0,USD,,,4573036000.0
0000039311-26-000009,InterestAndDividendIncomeOperating,us-gaap/2025,20251231,4,USD,,,269737000.0
0000072971-26-000133,Assets,us-gaap/2025,20251231,0,USD,,,2148631000000.0
0000072971-26-000133,InterestAndDividendIncomeOperating,us-gaap/2025,20251231,4,USD,,,87314000000.0
0000046195-26-000015,EarningsPerShareBasic,us-gaap/2025,20251231,4,USD,,,4.67
0000072971-26-000133,Liabilities,us-gaap/2025,20251231,0,USD,,,1965593000000.0
0000046195-26-000015,Liabilities,us-gaap/2025,20251231,0,USD,,,22325152000.0
0000072971-26-000133,StockholdersEquity,us-gaap/2025,20251231,0,USD,,,181117000000.0
0000007789-26-000071,NetIncomeLoss,us-gaap/2025,20251231,4,USD,,,474777000.0
0000049196-26-000015,Assets,us-gaap/2025,20251231,0,USD,,,225106000000.0
0000049196-26-000015,Liabilities,us-gaap/2025,20251231,0,USD,,,200727000000.0
0000083246-26-000005,Assets,us-gaap/2025,20251231,0,USD,,,172410000000.0
0000070858-26-000157,Assets,us-gaap/2025,20251231,0,USD,,,3411738000000.0
0000070858-26-000157,NetIncomeLoss,us-gaap/2025,20251231,4,USD,,,30509000000.0
0000072971-26-000133,NetIncomeLoss,us-gaap/2025,20251231,4,USD,,,21338000000.0
0000073124-26-000016,InterestAndDividendIncomeOperating,us-gaap/2025,20251231,4,USD,,,8624600000.0
0000092230-26-000030,Assets,us-gaap/2025,20251231,0,USD,,,547538000000.0
0000092230-26-000030,EarningsPerShareBasic,us-gaap/2025,20251231,4,USD,,,3.87
0000070858-26-000157,EarningsPerShareBasic,us-gaap/2025,20251231,4,USD,,,3.86
0000070858-26-000157,StockholdersEquity,us-gaap/2025,20251231,0,USD,,,303243000000.0
0000073124-26-000016,EarningsPerShareBasic,us-gaap/2025,20251231,4,USD,,,8.78
0000083246-26-000005,StockholdersEquity,us-gaap/2025,20251231,0,USD,,,12439000000.0
0000083246-26-000005,Liabilities,us-gaap/2025,20251231,0,USD,,,159971000000.0
0000102212-26-000012,InterestAndDividendIncomeOperating,us-gaap/2025,20251231,4,USD,,,430486000.0
0000102212-26-000012,Assets,us-gaap/2025,20251231,0,USD,,,8436897000.0
0000102212-26-000012,NetIncomeLoss,us-gaap/2025,20251231,4,USD,,,90757000.0
0000083246-26-000005,NetIncomeLoss,us-gaap/2025,20251231,4,USD,,,1101000000.0
0000109380-26-000046,Liabilities,us-gaap/2025,20251231,0,USD,,,81810000000.0
0000092230-26-000030,InterestAndDividendIncomeOperating,us-gaap/2025,20251231,4,USD,,,24542000000.0
0000109380-26-000046,Assets,us-gaap/2025,20251231,0,USD,,,88990000000.0
0000093751-26-000124,Liabilities,us-gaap/2025,20251231,0,USD,,,338206000000.0
0000093751-26-000124,NetIncomeLoss,us-gaap/2025,20251231,4,USD,,,2945000000.0
0000093751-26-000124,EarningsPerShareBasic,us-gaap/2025,20251231,4,USD,,,9.55
0000318300-26-000099,Liabilities,us-gaap/2025,20251231,0,USD,,,8443028000.0
0000102212-26-000012,Liabilities,us-gaap/2025,20251231,0,USD,,,7493579000.0
0000102212-26-000012,StockholdersEquity,us-gaap/2025,20251231,0,USD,,,943318000.0
0000102212-26-000012,EarningsPerShareBasic,us-gaap/2025,20251231,4,USD,,,3.16
0000700564-26-000006,NetIncomeLoss,us-gaap/2025,20251231,4,USD,,,391609000.0
0000701347-26-000021,EarningsPerShareBasic,us-gaap/2024,20251231,4,USD,,,2.88
0000314489-26-000013,Assets,us-gaap/2025,20251231,0,USD,,,18104736000.0
0000314489-26-000013,InterestAndDividendIncomeOperating,us-gaap/2025,20251231,4,USD,,,893860000.0
0000314489-26-000013,Liabilities,us-gaap/2025,20251231,0,USD,,,15635754000.0
0000706129-26-000024,EarningsPerShareBasic,us-gaap/2025,20251231,4,USD,,,-3.24
0000713676-26-000020,EarningsPerShareBasic,us-gaap/2025,20251231,4,USD,,,16.6
0000714310-26-000017,EarningsPerShareBasic,us-gaap/2025,20251231,4,USD,,,1.02
0000714395-26-000011,StockholdersEquity,us-gaap/2025,20251231,0,USD,,,1162325000.0
0000714562-26-000014,InterestAndDividendIncomeOperating,us-gaap/2025,20251231,4,USD,,,305588000.0
0000717538-26-000037,NetIncomeLoss,us-gaap/2025,20251231,4,USD,,,43953000.0
0000719220-26-000030,StockholdersEquity,us-gaap/2025,20251231,0,USD,,,1463877000.0
0000314489-26-000013,NetIncomeLoss,us-gaap/2025,20251231,4,USD,,,135262000.0
0000314489-26-000013,StockholdersEquity,us-gaap/2025,20251231,0,USD,,,2468982000.0
0000721994-26-000018,Assets,us-gaap/2025,20251231,0,USD,,,6990022000.0
0000721994-26-000018,InterestAndDividendIncomeOperating,us-gaap/2025,20251231,4,USD,,,373735000.0
0000721994-26-000018,Liabilities,us-gaap/2025,20251231,0,USD,,,6227530000.0
0000356171-26-000010,StockholdersEquity,us-gaap/2025,20251231,0,USD,,,1328001000.0
0000700564-26-000006,InterestAndDividendIncomeOperating,us-gaap/2025,20251231,4,USD,,,1616874000.0
0000356171-26-000010,NetIncomeLoss,us-gaap/2025,20251231,4,USD,,,121558000.0
0000723646-26-000016,NetIncomeLoss,us-gaap/2025,20251231,4,USD,,,21226000.0
0000726854-26-000062,Assets,us-gaap/2025,20251231,0,USD,,,6722018000.0
0000726854-26-000062,InterestAndDividendIncomeOperating,us-gaap/2025,20251231,4,USD,,,321216000.0
0000046195-26-000015,StockholdersEquity,us-gaap/2025,20251231,0,USD,,,1851212000.0
0000701347-26-000021,Liabilities,us-gaap/2024,20251231,0,USD,,,6816660000.0
0000701347-26-000021,InterestAndDividendIncomeOperating,us-gaap/2024,20251231,4,USD,,,314162000.0
0000701347-26-000021,NetIncomeLoss,us-gaap/2024,20251231,4,USD,,,77480000.0
0000109380-26-000046,InterestAndDividendIncomeOperating,us-gaap/2025,20251231,4,USD,,,4184000000.0
0000705432-26-000034,Assets,us-gaap/2025,20251231,0,USD,,,8514590000.0
0000705432-26-000034,Liabilities,us-gaap/2025,20251231,0,USD,,,7666975000.0
0000706863-26-000029,Assets,us-gaap/2025,20251231,0,USD,,,1617191000.0
0000049196-26-000015,InterestAndDividendIncomeOperating,us-gaap/2025,20251231,4,USD,,,10310000000.0
0000707179-26-000010,NetIncomeLoss,us-gaap/2025,20251231,4,USD,,,669257000.0
0000708955-26-000028,Liabilities,us-gaap/2025,20251231,0,USD,,,18360163000.0
0000711669-26-000007,EarningsPerShareBasic,us-gaap/2025,20251231,4,USD,,,1.59
0000711669-26-000007,NetIncomeLoss,us-gaap/2025,20251231,4,USD,,,28253000.0
0000712534-26-000022,Assets,us-gaap/2025,20251231,0,USD,,,19025101000.0
0000708955-26-000028,InterestAndDividendIncomeOperating,us-gaap/2025,20251231,4,USD,,,1001904000.0
0000736772-26-000031,Liabilities,us-gaap/2025,20251231,0,USD,,,7524308000.0
0000737468-26-000034,Assets,us-gaap/2025,20251231,0,USD,,,6621694000.0
0000737468-26-000034,EarningsPerShareBasic,us-gaap/2025,20251231,4,USD,,,2.72
0000711669-26-000007,Liabilities,us-gaap/2025,20251231,0,USD,,,3359481000.0
0000737875-26-000009,StockholdersEquity,us-gaap/2025,20251231,0,USD,,,113060000.0
0000712537-26-000013,EarningsPerShareBasic,us-gaap/2025,20251231,4,USD,,,1.48
0000750686-26-000010,NetIncomeLoss,us-gaap/2025,20251231,4,USD,,,65160000.0
0000715072-26-000017,NetIncomeLoss,us-gaap/2025,20251231,4,USD,,,181272000.0
0000356171-26-000010,Liabilities,us-gaap/2025,20251231,0,USD,,,8494062000.0
0000717538-26-000037,StockholdersEquity,us-gaap/2025,20251231,0,USD,,,431852000.0
0000713676-26-000020,StockholdersEquity,us-gaap/2025,20251231,0,USD,,,60585000000.0
0000719220-26-000030,InterestAndDividendIncomeOperating,us-gaap/2025,20251231,4,USD,,,516490000.0
0000719220-26-000030,NetIncomeLoss,us-gaap/2025,20251231,4,USD,,,134230000.0
0000700564-26-000006,EarningsPerShareBasic,us-gaap/2025,20251231,4,USD,,,2.1
0000714395-26-000011,EarningsPerShareBasic,us-gaap/2025,20251231,4,USD,,,3.06
0000715072-26-000017,InterestAndDividendIncomeOperating,us-gaap/2025,20251231,4,USD,,,1262259000.0
0000717538-26-000037,Liabilities,us-gaap/2025,20251231,0,USD,,,4014010000.0
0000705432-26-000034,EarningsPerShareBasic,us-gaap/2025,20251231,4,USD,,,2.3
0000705432-26-000034,NetIncomeLoss,us-gaap/2025,20251231,4,USD,,,69220000.0
0000706129-26-000024,Assets,us-gaap/2025,20251231,0,USD,,,6436611000.0
0000726601-26-000007,Assets,us-gaap/2024,20251231,0,USD,,,4385765000.0
0000726601-26-000007,InterestAndDividendIncomeOperating,us-gaap/2024,20251231,4,USD,,,204387000.0
0000706863-26-000029,InterestAndDividendIncomeOperating,us-gaap/2025,20251231,4,USD,,,75788000.0
0000707179-26-000010,EarningsPerShareBasic,us-gaap/2025,20251231,4,USD,,,1.8
0000726854-26-000062,Liabilities,us-gaap/2025,20251231,0,USD,,,5912338000.0
0000707179-26-000010,Liabilities,us-gaap/2025,20251231,0,USD,,,63657179000.0
0000721994-26-000018,NetIncomeLoss,us-gaap/2025,20251231,4,USD,,,103361000.0
0000721994-26-000018,StockholdersEquity,us-gaap/2025,20251231,0,USD,,,762403000.0
0000318300-26-000099,EarningsPerShareBasic,us-gaap/2025,20251231,4,USD,,,3.03
0000723646-26-000016,EarningsPerShareBasic,us-gaap/2025,20251231,4,USD,,,4.76
0000723646-26-000016,Liabilities,us-gaap/2025,20251231,0,USD,,,2063776000.0
0000318300-26-000099,StockholdersEquity,us-gaap/2025,20251231,0,USD,,,1206602000.0
0000732417-26-000022,Liabilities,us-gaap/2025,20251231,0,USD,,,4045161000.0
0000732417-26-000022,NetIncomeLoss,us-gaap/2025,20251231,4,USD,,,60502000.0
0000732417-26-000022,StockholdersEquity,us-gaap/2025,20251231,0,USD,,,548234000.0
0000711669-26-000007,Assets,us-gaap/2025,20251231,0,USD,,,3735401000.0
0000712534-26-000022,EarningsPerShareBasic,us-gaap/2025,20251231,4,USD,,,3.9
0000726854-26-000062,NetIncomeLoss,us-gaap/2025,20251231,4,USD,,,130485000.0
0000712534-26-000022,Liabilities,us-gaap/2025,20251231,0,USD,,,16558434000.0
0000712537-26-000013,Assets,us-gaap/2025,20251231,0,USD,,,12343036000.0
0000712537-26-000013,Liabilities,us-gaap/2025,20251231,0,USD,,,10788660000.0
0000351569-26-000050,NetIncomeLoss,us-gaap/2025,20251231,4,USD,,,412154000.0
0000736772-26-000031,EarningsPerShareBasic,us-gaap/2025,20251231,4,USD,,,2.5
0000736772-26-000031,StockholdersEquity,us-gaap/2025,20251231,0,USD,,,872127000.0
0000737468-26-000034,Liabilities,us-gaap/2025,20251231,0,USD,,,6078110000.0
0000737468-26-000034,NetIncomeLoss,us-gaap/2025,20251231,4,USD,,,52244000.0
0000732417-26-000022,Assets,us-gaap/2025,20251231,0,USD,,,4647870000.0
0000712537-26-000013,StockholdersEquity,us-gaap/2025,20251231,0,USD,,,1554376000.0
0000750686-26-000010,EarningsPerShareBasic,us-gaap/2025,20251231,4,USD,,,3.86
0000750686-26-000010,StockholdersEquity,us-gaap/2025,20251231,0,USD,,,696558000.0
0000713676-26-000020,Liabilities,us-gaap/2025,20251231,0,USD,,,512936000000.0
0000714310-26-000017,NetIncomeLoss,us-gaap/2025,20251231,4,USD,,,597983000.0
0000759944-26-000028,StockholdersEquity,us-gaap/2025,20251231,0,USD,,,26317000000.0
0000714395-26-000011,Assets,us-gaap/2025,20251231,0,USD,,,8388780000.0
0000714395-26-000011,NetIncomeLoss,us-gaap/2025,20251231,4,USD,,,112635000.0
0000715072-26-000017,Assets,us-gaap/2025,20251231,0,USD,,,26751426000.0
0000798941-26-000015,InterestAndDividendIncomeOperating,us-gaap/2025,20251231,4,USD,,,11778000000.0
0000715072-26-000017,StockholdersEquity,us-gaap/2025,20251231,0,USD,,,3884905000.0
0000801337-26-000008,Assets,us-gaap/2025,20251231,0,USD,,,84073663000.0
0000765207-26-000067,NetIncomeLoss,us-gaap/2025,20251231,4,USD,,,34394000.0
0000073124-26-000016,Assets,us-gaap/2025,20251231,0,USD,,,177132700000.0
0000801337-26-000008,StockholdersEquity,us-gaap/2025,20251231,0,USD,,,9492236000.0
0000719220-26-000030,Assets,us-gaap/2025,20251231,0,USD,,,9870980000.0
0000356171-26-000010,EarningsPerShareBasic,us-gaap/2025,20251231,4,USD,,,3.72
0000805676-26-000017,EarningsPerShareBasic,us-gaap/2025,20251231,4,USD,,,11.18
0000356171-26-000010,InterestAndDividendIncomeOperating,us-gaap/2025,20251231,4,USD,,,470572000.0
0000811589-26-000051,NetIncomeLoss,us-gaap/2025,20251231,4,USD,,,111048000.0
0000701347-26-000021,Assets,us-gaap/2024,20251231,0,USD,,,7409241000.0
0000701347-26-000021,StockholdersEquity,us-gaap/2024,20251231,0,USD,,,592581000.0
0000721994-26-000018,EarningsPerShareBasic,us-gaap/2025,20251231,4,USD,,,4.02
0000776901-26-000058,StockholdersEquity,us-gaap/2025,20251231,0,USD,,,3565728000.0
0000759944-26-000028,Assets,us-gaap/2025,20251231,0,USD,,,226351000000.0
0000706129-26-000024,Liabilities,us-gaap/2025,20251231,0,USD,,,5748360000.0
0000706129-26-000024,NetIncomeLoss,us-gaap/2025,20251231,4,USD,,,-150482000.0
0000706863-26-000029,EarningsPerShareBasic,us-gaap/2025,20251231,4,USD,,,2.43
0000706863-26-000029,Liabilities,us-gaap/2025,20251231,0,USD,,,1536327000.0
0000706863-26-000029,StockholdersEquity,us-gaap/2025,20251231,0,USD,,,80864000.0
0000726601-26-000007,EarningsPerShareBasic,us-gaap/2024,20251231,4,USD,,,3.61
0000707179-26-000010,InterestAndDividendIncomeOperating,us-gaap/2025,20251231,4,USD,,,3269853000.0
0000708955-26-000028,StockholdersEquity,us-gaap/2025,20251231,0,USD,,,2769216000.0
0000712534-26-000022,StockholdersEquity,us-gaap/2025,20251231,0,USD,,,2466667000.0
0000712537-26-000013,InterestAndDividendIncomeOperating,us-gaap/2025,20251231,4,USD,,,632688000.0
0000713676-26-000020,InterestAndDividendIncomeOperating,us-gaap/2025,20251231,4,USD,,,25307000000.0
0000714310-26-000017,InterestAndDividendIncomeOperating,us-gaap/2025,20251231,4,USD,,,3232484000.0
0000831001-26-000011,NetIncomeLoss,us-gaap/2025,20251231,4,USD,,,14306000000.0
0000831001-26-000011,StockholdersEquity,us-gaap/2025,20251231,0,USD,,,212291000000.0
0000805676-26-000017,InterestAndDividendIncomeOperating,us-gaap/2025,20251231,4,USD,,,544540000.0
0000805676-26-000017,NetIncomeLoss,us-gaap/2025,20251231,4,USD,,,180073000.0
0000714562-26-000014,NetIncomeLoss,us-gaap/2025,20251231,4,USD,,,79208000.0
0000715072-26-000017,Liabilities,us-gaap/2025,20251231,0,USD,,,22866521000.0
0000723646-26-000016,InterestAndDividendIncomeOperating,us-gaap/2025,20251231,4,USD,,,114371000.0
0000723646-26-000016,StockholdersEquity,us-gaap/2025,20251231,0,USD,,,175242000.0
0000801337-26-000008,InterestAndDividendIncomeOperating,us-gaap/2025,20251231,4,USD,,,4021508000.0
0000828944-26-000006,EarningsPerShareBasic,us-gaap/2025,20251231,4,USD,,,5.11
0000857855-26-000008,EarningsPerShareBasic,us-gaap/2025,20251231,4,USD,,,2.62
0000857855-26-000008,NetIncomeLoss,us-gaap/2025,20251231,4,USD,,,328095000.0
0000828944-26-000006,InterestAndDividendIncomeOperating,us-gaap/2025,20251231,4,USD,,,1019688000.0
0000857855-26-000008,StockholdersEquity,us-gaap/2025,20251231,0,USD,,,3638686000.0
0000811830-26-000005,Liabilities,us-gaap/2025,20251231,0,USD,,,146627414000.0
0000737468-26-000034,InterestAndDividendIncomeOperating,us-gaap/2025,20251231,4,USD,,,318091000.0
0000737875-26-000009,Assets,us-gaap/2025,20251231,0,USD,,,1530977000.0
0000759944-26-000028,Liabilities,us-gaap/2025,20251231,0,USD,,,200034000000.0
0000857855-26-000008,InterestAndDividendIncomeOperating,us-gaap/2025,20251231,4,USD,,,1382939000.0
0000868671-26-000023,InterestAndDividendIncomeOperating,us-gaap/2025,20251231,4,USD,,,1295797000.0
0000868671-26-000023,Liabilities,us-gaap/2025,20251231,0,USD,,,27764242000.0
0000765207-26-000067,Assets,us-gaap/2025,20251231,0,USD,,,3166303000.0
0000775215-26-000025,EarningsPerShareBasic,us-gaap/2025,20251231,4,USD,,,2.44
0000828944-26-000006,Assets,us-gaap/2025,20251231,0,USD,,,21314076000.0
0000775215-26-000025,InterestAndDividendIncomeOperating,us-gaap/2025,20251231,4,USD,,,255784000.0
0000775215-26-000025,Liabilities,us-gaap/2025,20251231,0,USD,,,4455892000.0
0000775215-26-000025,NetIncomeLoss,us-gaap/2025,20251231,4,USD,,,77008000.0
0000776901-26-000058,InterestAndDividendIncomeOperating,us-gaap/2025,20251231,4,USD,,,1022400000.0
0000776901-26-000058,NetIncomeLoss,us-gaap/2025,20251231,4,USD,,,205122000.0
0000831001-26-000011,EarningsPerShareBasic,us-gaap/2025,20251231,4,USD,,,7.11
0000737875-26-000009,EarningsPerShareBasic,us-gaap/2025,20251231,4,USD,,,0.99
0000875357-26-000013,StockholdersEquity,us-gaap/2025,20251231,0,USD,,,5918646000.0
0000750686-26-000010,Assets,us-gaap/2025,20251231,0,USD,,,6974584000.0
0000879635-26-000026,EarningsPerShareBasic,us-gaap/2025,20251231,4,USD,,,2.59
0000879635-26-000026,NetIncomeLoss,us-gaap/2025,20251231,4,USD,,,56248000.0
0000875357-26-000013,Assets,us-gaap/2025,20251231,0,USD,,,52237501000.0
0000880641-26-000004,InterestAndDividendIncomeOperating,us-gaap/2025,20251231,4,USD,,,99005000.0
0000759944-26-000028,InterestAndDividendIncomeOperating,us-gaap/2025,20251231,4,USD,,,9663000000.0
0000759944-26-000028,NetIncomeLoss,us-gaap/2025,20251231,4,USD,,,1831000000.0
0000875357-26-000013,NetIncomeLoss,us-gaap/2025,20251231,4,USD,,,577990000.0
0000846617-26-000013,InterestAndDividendIncomeOperating,us-gaap/2025,20251231,4,USD,,,685442000.0
0000883948-26-000021,EarningsPerShareBasic,us-gaap/2025,20251231,4,USD,,,2.03
0000883948-26-000021,NetIncomeLoss,us-gaap/2025,20251231,4,USD,,,273715000.0
0000092230-26-000030,Liabilities,us-gaap/2025,20251231,0,USD,,,482349000000.0
0000798941-26-000015,StockholdersEquity,us-gaap/2025,20251231,0,USD,,,22238000000.0
0000801337-26-000008,EarningsPerShareBasic,us-gaap/2025,20251231,4,USD,,,5.91
0000801337-26-000008,NetIncomeLoss,us-gaap/2025,20251231,4,USD,,,1002802000.0
0000880641-26-000004,Assets,us-gaap/2025,20251231,0,USD,,,1888626000.0
0000811589-26-000051,Assets,us-gaap/2025,20251231,0,USD,,,12668339000.0
0000811589-26-000051,EarningsPerShareBasic,us-gaap/2025,20251231,4,USD,,,2.68
0000811589-26-000051,InterestAndDividendIncomeOperating,us-gaap/2025,20251231,4,USD,,,557235000.0
0000887343-26-000088,NetIncomeLoss,us-gaap/2025,20251231,4,USD,,,550000000.0
0000893847-26-000037,InterestAndDividendIncomeOperating,us-gaap/2025,20251231,4,USD,,,97658000.0
0000805676-26-000017,Liabilities,us-gaap/2025,20251231,0,USD,,,8452220000.0
0000811830-26-000005,NetIncomeLoss,us-gaap/2025,20251231,4,USD,,,1645158000.0
0000811830-26-000005,StockholdersEquity,us-gaap/2025,20251231,0,USD,,,15944707000.0
0000828944-26-000006,NetIncomeLoss,us-gaap/2025,20251231,4,USD,,,287349000.0
0000880641-26-000004,Liabilities,us-gaap/2025,20251231,0,USD,,,1699787000.0
0000831001-26-000011,Liabilities,us-gaap/2025,20251231,0,USD,,,2443380000000.0
0000842517-26-000069,Liabilities,us-gaap/2025,20251231,0,USD,,,1978052000.0
0000887343-26-000088,EarningsPerShareBasic,us-gaap/2025,20251231,4,USD,,,2.31
0000887343-26-000088,InterestAndDividendIncomeOperating,us-gaap/2025,20251231,4,USD,,,2916000000.0
0000842517-26-000069,StockholdersEquity,us-gaap/2025,20251231,0,USD,,,231396000.0
0000846617-26-000013,Assets,us-gaap/2025,20251231,0,USD,,,15341631000.0
0000846617-26-000013,StockholdersEquity,us-gaap/2025,20251231,0,USD,,,1475769000.0
0000860413-26-000011,InterestAndDividendIncomeOperating,us-gaap/2025,20251231,4,USD,,,1178000000.0
0000860413-26-000011,Liabilities,us-gaap/2025,20251231,0,USD,,,23193600000.0
0000860413-26-000011,NetIncomeLoss,us-gaap/2025,20251231,4,USD,,,302100000.0
0000860413-26-000011,StockholdersEquity,us-gaap/2025,20251231,0,USD,,,3447000000.0
0000109380-26-000046,NetIncomeLoss,us-gaap/2025,20251231,4,USD,,,899000000.0
0000109380-26-000046,StockholdersEquity,us-gaap/2025,20251231,0,USD,,,7180000000.0
0000875357-26-000013,EarningsPerShareBasic,us-gaap/2025,20251231,4,USD,,,9.17
0000875357-26-000013,Liabilities,us-gaap/2025,20251231,0,USD,,,46316821000.0
0000920427-26-000012,NetIncomeLoss,us-gaap/2025,20251231,4,USD,,,57951000.0
0000880641-26-000004,EarningsPerShareBasic,us-gaap/2025,20251231,4,USD,,,1.59
0000883948-26-000021,StockholdersEquity,us-gaap/2025,20251231,0,USD,,,5006398000.0
0000913341-26-000010,EarningsPerShareBasic,us-gaap/2025,20251231,4,USD,,,8.29
0000828944-26-000006,StockholdersEquity,us-gaap/2025,20251231,0,USD,,,2738545000.0
0000887343-26-000088,StockholdersEquity,us-gaap/2025,20251231,0,USD,,,7840000000.0
0000893847-26-000037,Liabilities,us-gaap/2025,20251231,0,USD,,,1720621000.0
0000893847-26-000037,StockholdersEquity,us-gaap/2025,20251231,0,USD,,,174229000.0
0000842517-26-000069,EarningsPerShareBasic,us-gaap/2025,20251231,4,USD,,,2.56
0000842517-26-000069,InterestAndDividendIncomeOperating,us-gaap/2025,20251231,4,USD,,,96035000.0
0001004702-26-000015,Liabilities,us-gaap/2025,20251231,0,USD,,,12901767000.0
0000034782-26-000011,InterestAndDividendIncomeOperating,us-gaap/2025,20251231,4,USD,,,514394000.0
0001005817-26-000027,NetIncomeLoss,us-gaap/2025,20251231,4,USD,,,161071000.0
0000351569-26-000050,Liabilities,us-gaap/2025,20251231,0,USD,,,23439851000.0
0001013272-26-000003,InterestAndDividendIncomeOperating,us-gaap/2025,20251231,4,USD,,,126528000.0
0001015328-26-000007,EarningsPerShareBasic,us-gaap/2025,20251231,4,USD,,,11.57
0001004702-26-000015,InterestAndDividendIncomeOperating,us-gaap/2025,20251231,4,USD,,,642454000.0
0001015328-26-000007,Liabilities,us-gaap/2025,20251231,0,USD,,,63883331000.0
0000860413-26-000011,Assets,us-gaap/2025,20251231,0,USD,,,26640600000.0
0000035527-26-000124,EarningsPerShareBasic,us-gaap/2025,20251231,4,USD,,,3.56
0000356171-26-000010,Assets,us-gaap/2025,20251231,0,USD,,,9822063000.0
0000035527-26-000124,StockholdersEquity,us-gaap/2025,20251231,0,USD,,,21724000000.0
0001013272-26-000003,Liabilities,us-gaap/2025,20251231,0,USD,,,2182685000.0
0000868671-26-000023,EarningsPerShareBasic,us-gaap/2025,20251231,4,USD,,,2.0
0001030469-26-000008,EarningsPerShareBasic,us-gaap/2025,20251231,4,USD,,,4.6
0000913341-26-000010,StockholdersEquity,us-gaap/2025,20251231,0,USD,,,261753000.0
0000706863-26-000029,NetIncomeLoss,us-gaap/2025,20251231,4,USD,,,11080000.0
0000707179-26-000010,Assets,us-gaap/2025,20251231,0,USD,,,72151967000.0
0000946673-26-000009,StockholdersEquity,us-gaap/2025,20251231,0,USD,,,1946297000.0
0001035092-26-000014,EarningsPerShareBasic,us-gaap/2025,20251231,4,USD,,,1.78
0000708955-26-000028,NetIncomeLoss,us-gaap/2025,20251231,4,USD,,,255605000.0
0000036104-26-000011,NetIncomeLoss,us-gaap/2025,20251231,4,USD,,,7570000000.0
0000920427-26-000012,EarningsPerShareBasic,us-gaap/2025,20251231,4,USD,,,5.78
0000875357-26-000013,InterestAndDividendIncomeOperating,us-gaap/2025,20251231,4,USD,,,2531268000.0
0000920427-26-000012,Liabilities,us-gaap/2025,20251231,0,USD,,,2621021000.0
0001005817-26-000027,Assets,us-gaap/2025,20251231,0,USD,,,8668268000.0
0000714310-26-000017,StockholdersEquity,us-gaap/2025,20251231,0,USD,,,7807698000.0
0001013272-26-000003,Assets,us-gaap/2025,20251231,0,USD,,,2424842000.0
0001013272-26-000003,NetIncomeLoss,us-gaap/2025,20251231,4,USD,,,27755000.0
0000036270-26-000010,Liabilities,us-gaap/2025,20251231,0,USD,,,184333000000.0
0000714562-26-000014,Assets,us-gaap/2025,20251231,0,USD,,,5756126000.0
0000714562-26-000014,Liabilities,us-gaap/2025,20251231,0,USD,,,5105257000.0
0000927628-26-000024,StockholdersEquity,us-gaap/2025,20251231,0,USD,,,113616000000.0
0000717538-26-000037,Assets,us-gaap/2025,20251231,0,USD,,,4445862000.0
0000717538-26-000037,EarningsPerShareBasic,us-gaap/2025,20251231,4,USD,,,2.65
0000719220-26-000030,EarningsPerShareBasic,us-gaap/2025,20251231,4,USD,,,3.51
0000719220-26-000030,Liabilities,us-gaap/2025,20251231,0,USD,,,8407103000.0
0001050441-26-000021,NetIncomeLoss,us-gaap/2025,20251231,4,USD,,,-138052000.0
0000883948-26-000021,Assets,us-gaap/2025,20251231,0,USD,,,37585754000.0
0001050441-26-000021,Assets,us-gaap/2025,20251231,0,USD,,,10497203000.0
0000726601-26-000007,Liabilities,us-gaap/2024,20251231,0,USD,,,3832914000.0
0000726601-26-000007,NetIncomeLoss,us-gaap/2024,20251231,4,USD,,,61557000.0
0001030469-26-000008,Liabilities,us-gaap/2025,20251231,0,USD,,,11075652000.0
0001057706-26-000007,Liabilities,us-gaap/2025,20251231,0,USD,,,17166027000.0
0001057706-26-000007,NetIncomeLoss,us-gaap/2025,20251231,4,USD,,,344866000.0
0000887343-26-000088,Assets,us-gaap/2025,20251231,0,USD,,,66832000000.0
0000946673-26-000009,Assets,us-gaap/2025,20251231,0,USD,,,16354488000.0
0000946673-26-000009,InterestIncomeOperating,us-gaap/2025,20251231,4,USD,,,804955000.0
0001035092-26-000014,StockholdersEquity,us-gaap/2025,20251231,0,USD,,,589873000.0
0000737468-26-000034,StockholdersEquity,us-gaap/2025,20251231,0,USD,,,543584000.0
0001077428-26-000010,InterestAndDividendIncomeOperating,us-gaap/2025,20251231,4,USD,,,1771785000.0
0001071236-26-000027,EarningsPerShareBasic,us-gaap/2025,20251231,4,USD,,,6.4
0001071236-26-000027,Liabilities,us-gaap/2025,20251231,0,USD,,,2985760000.0
0001057706-26-000007,EarningsPerShareBasic,us-gaap/2025,20251231,4,USD,,,2.16
0000775215-26-000025,StockholdersEquity,us-gaap/2025,20251231,0,USD,,,615498000.0
0000776901-26-000058,Assets,us-gaap/2025,20251231,0,USD,,,24912896000.0
0000776901-26-000058,EarningsPerShareBasic,us-gaap/2025,20251231,4,USD,,,4.44
0001025835-26-000058,Liabilities,us-gaap/2025,20251231,0,USD,,,15261498000.0
0001030469-26-000008,Assets,us-gaap/2025,20251231,0,USD,,,12465657000.0
0001030469-26-000008,InterestAndDividendIncomeOperating,us-gaap/2025,20251231,4,USD,,,780936000.0
0001030469-26-000008,NetIncomeLoss,us-gaap/2025,20251231,4,USD,,,205103000.0
0000798941-26-000015,Assets,us-gaap/2025,20251231,0,USD,,,229698000000.0
0000037808-26-000007,EarningsPerShareBasic,us-gaap/2025,20251231,4,USD,,,1.57
0001069157-26-000009,EarningsPerShareBasic,us-gaap/2025,20251231,4,USD,,,9.58
0000920427-26-000012,Assets,us-gaap/2025,20251231,0,USD,,,2966652000.0
0000920427-26-000012,InterestAndDividendIncomeOperating,us-gaap/2025,20251231,4,USD,,,173628000.0
0000920427-26-000012,StockholdersEquity,us-gaap/2025,20251231,0,USD,,,345631000.0
0001077428-26-000010,NetIncomeLoss,us-gaap/2025,20251231,4,USD,,,330244000.0
0000039263-26-000011,Liabilities,us-gaap/2025,20251231,0,USD,,,48468388000.0
0000039263-26-000011,NetIncomeLoss,us-gaap/2025,20251231,4,USD,,,648557000.0
0000040729-26-000005,NetIncomeLoss,us-gaap/2025,20251231,4,USD,,,852000000.0
0001050441-26-000021,InterestAndDividendIncomeOperating,us-gaap/2025,20251231,4,USD,,,604482000.0
0001050441-26-000021,StockholdersEquity,us-gaap/2025,20251231,0,USD,,,1131283000.0
0001104659-26-015264,StockholdersEquity,us-gaap/2025,20251231,0,USD,,,2168401000.0
0001057706-26-000007,InterestAndDividendIncomeOperating,us-gaap/2025,20251231,4,USD,,,1123156000.0
0001104659-26-017884,Liabilities,us-gaap/2025,20251231,0,USD,,,58138304000.0
0001057706-26-000007,StockholdersEquity,us-gaap/2025,20251231,0,USD,,,1966865000.0
0001104659-26-015264,EarningsPerShareBasic,us-gaap/2025,20251231,4,USD,,,2.64
0001104659-26-020063,NetIncomeLoss,us-gaap/2025,20251231,4,USD,,,46088000.0
0001104659-26-020393,InterestAndDividendIncomeOperating,us-gaap/2024,20251231,4,USD,,,355181000.0
0000831001-26-000011,Assets,us-gaap/2025,20251231,0,USD,,,2657202000000.0
0000831001-26-000011,InterestAndDividendIncomeOperating,us-gaap/2025,20251231,4,USD,,,142864000000.0
0001104659-26-018208,Liabilities,us-gaap/2025,20251231,0,USD,,,7512604000.0
0001104659-26-019119,NetIncomeLoss,us-gaap/2025,20251231,4,USD,,,109574000.0
0001104659-26-019119,StockholdersEquity,us-gaap/2025,20251231,0,USD,,,1385114000.0
0001077428-26-000010,Assets,us-gaap/2025,20251231,0,USD,,,31540274000.0
0001077428-26-000010,EarningsPerShareBasic,us-gaap/2025,20251231,4,USD,,,6.86
0000842517-26-000069,Assets,us-gaap/2025,20251231,0,USD,,,2209448000.0
0000842517-26-000069,NetIncomeLoss,us-gaap/2025,20251231,4,USD,,,18910000.0
0001005817-26-000027,InterestAndDividendIncomeOperating,us-gaap/2025,20251231,4,USD,,,382074000.0
0001005817-26-000027,Liabilities,us-gaap/2025,20251231,0,USD,,,7729891000.0
0001104659-26-020393,Assets,us-gaap/2024,20251231,0,USD,,,6902675000.0
0001013272-26-000003,EarningsPerShareBasic,us-gaap/2025,20251231,4,USD,,,3.01
0001015328-26-000007,Assets,us-gaap/2025,20251231,0,USD,,,71142046000.0
0000846617-26-000013,EarningsPerShareBasic,us-gaap/2025,20251231,4,USD,,,2.36
0001104659-26-021479,EarningsPerShareBasic,us-gaap/2024,20251231,4,USD,,,3.14
0001104659-26-015264,InterestAndDividendIncomeOperating,us-gaap/2025,20251231,4,USD,,,784050000.0
0001104659-26-021479,Liabilities,us-gaap/2024,20251231,0,USD,,,3464416000.0
0001104659-26-021531,StockholdersEquity,us-gaap/2025,20251231,0,USD,,,1112311000.0
0001025835-26-000058,EarningsPerShareBasic,us-gaap/2025,20251231,4,USD,,,5.34
0001025835-26-000058,StockholdersEquity,us-gaap/2025,20251231,0,USD,,,2039386000.0
0001104659-26-021531,InterestAndDividendIncomeOperating,us-gaap/2025,20251231,4,USD,,,489426000.0
0001104659-26-021544,InterestAndDividendIncomeOperating,us-gaap/2025,20251231,4,USD,,,951303000.0
0001104659-26-021567,Assets,us-gaap/2025,20251231,0,USD,,,4506095000.0
0001104659-26-021567,EarningsPerShareBasic,us-gaap/2025,20251231,4,USD,,,7.23
0001104659-26-021549,NetIncomeLoss,us-gaap/2025,20251231,4,USD,,,218770000.0
0001104659-26-021567,InterestAndDividendIncomeOperating,us-gaap/2025,20251231,4,USD,,,221715000.0
0001104659-26-021567,StockholdersEquity,us-gaap/2025,20251231,0,USD,,,643836000.0
0000857855-26-000008,Assets,us-gaap/2025,20251231,0,USD,,,28002554000.0
0000857855-26-000008,Liabilities,us-gaap/2025,20251231,0,USD,,,24363868000.0
0001104659-26-021651,StockholdersEquity,us-gaap/2025,20251231,0,USD,,,2006034000.0
0001035092-26-000014,NetIncomeLoss,us-gaap/2025,20251231,4,USD,,,59506000.0
0000860413-26-000011,EarningsPerShareBasic,us-gaap/2025,20251231,4,USD,,,2.95
0001104659-26-018208,Assets,us-gaap/2025,20251231,0,USD,,,8255716000.0
0001104659-26-018208,EarningsPerShareBasic,us-gaap/2025,20251231,4,USD,,,6.71
0001104659-26-018208,InterestAndDividendIncomeOperating,us-gaap/2025,20251231,4,USD,,,515278000.0
0000868671-26-000023,Assets,us-gaap/2025,20251231,0,USD,,,31978063000.0
0001104659-26-024646,Assets,us-gaap/2024,20251231,0,USD,,,8693302000.0
0001104659-26-024646,NetIncomeLoss,us-gaap/2024,20251231,4,USD,,,18880000.0
0001104659-26-019119,Assets,us-gaap/2025,20251231,0,USD,,,9883518000.0
0001104659-26-024659,InterestAndDividendIncomeOperating,us-gaap/2025,20251231,4,USD,,,313732000.0
0001104659-26-024613,EarningsPerShareBasic,us-gaap/2025,20251231,4,USD,,,1.46
0001104659-26-024613,InterestAndDividendIncomeOperating,us-gaap/2025,20251231,4,USD,,,139217000.0
0001104659-26-024646,EarningsPerShareBasic,us-gaap/2024,20251231,4,USD,,,0.54
0001104659-26-024646,StockholdersEquity,us-gaap/2024,20251231,0,USD,,,707975000.0
0001104659-26-024659,StockholdersEquity,us-gaap/2025,20251231,0,USD,,,636126000.0
0001104659-26-020063,Liabilities,us-gaap/2025,20251231,0,USD,,,4889907000.0
0000879635-26-000026,Assets,us-gaap/2025,20251231,0,USD,,,6133896000.0
0000879635-26-000026,InterestAndDividendIncomeOperating,us-gaap/2025,20251231,4,USD,,,323770000.0
0000880641-26-000004,NetIncomeLoss,us-gaap/2025,20251231,4,USD,,,8214000.0
0001104659-26-027217,EarningsPerShareBasic,us-gaap/2025,20251231,4,USD,,,2.32
0000007789-26-000071,StockholdersEquity,us-gaap/2025,20251231,0,USD,,,4975347000.0
0000883948-26-000021,InterestAndDividendIncomeOperating,us-gaap/2025,20251231,4,USD,,,1821487000.0
0000883948-26-000021,Liabilities,us-gaap/2025,20251231,0,USD,,,32579356000.0
0001104659-26-028106,Assets,us-gaap/2025,20251231,0,USD,,,5270578000.0
0001104659-26-021544,Assets,us-gaap/2025,20251231,0,USD,,,23955252000.0
0001104659-26-027651,NetIncomeLoss,us-gaap/2025,20251231,4,USD,,,7488000.0
0001104659-26-021549,InterestAndDividendIncomeOperating,us-gaap/2025,20251231,4,USD,,,1200851000.0
0001104659-26-021549,StockholdersEquity,us-gaap/2025,20251231,0,USD,,,2280759000.0
0001104659-26-028106,InterestAndDividendIncomeOperating,us-gaap/2025,20251231,4,USD,,,259697000.0
0001104659-26-028106,Liabilities,us-gaap/2025,20251231,0,USD,,,4750731000.0
0001104659-26-028106,StockholdersEquity,us-gaap/2025,20251231,0,USD,,,519847000.0
0001104659-26-021567,Liabilities,us-gaap/2025,20251231,0,USD,,,3862259000.0
0001104659-26-028308,Liabilities,us-gaap/2025,20251231,0,USD,,,2375013000.0
0001104659-26-028501,EarningsPerShareBasic,us-gaap/2025,20251231,4,USD,,,-1.88
0001104659-26-021651,NetIncomeLoss,us-gaap/2025,20251231,4,USD,,,210455000.0
0001069157-26-000009,Assets,us-gaap/2025,20251231,0,USD,,,80434997000.0
0001104659-26-028599,Liabilities,us-gaap/2025,20251231,0,USD,,,3624492000.0
0001069157-26-000009,InterestAndDividendIncomeOperating,us-gaap/2025,20251231,4,USD,,,4293396000.0
0001069157-26-000009,Liabilities,us-gaap/2025,20251231,0,USD,,,71535795000.0
0001104659-26-028308,NetIncomeLoss,us-gaap/2025,20251231,4,USD,,,41614000.0
0001071236-26-000027,StockholdersEquity,us-gaap/2025,20251231,0,USD,,,365150000.0
0001077428-26-000010,StockholdersEquity,us-gaap/2025,20251231,0,USD,,,3631382000.0
0001104659-26-028308,StockholdersEquity,us-gaap/2025,20251231,0,USD,,,284364000.0
0001104659-26-024613,StockholdersEquity,us-gaap/2025,20251231,0,USD,,,341714000.0
0001104659-26-028501,Assets,us-gaap/2025,20251231,0,USD,,,11904077000.0
0001104659-26-028501,StockholdersEquity,us-gaap/2025,20251231,0,USD,,,912587000.0
0001104659-26-028542,StockholdersEquity,us-gaap/2025,20251231,0,USD,,,552379000.0
0001104659-26-034395,EarningsPerShareBasic,us-gaap/2025,20251231,4,USD,,,1.59
0001104659-26-034395,InterestAndDividendIncomeOperating,us-gaap/2025,20251231,4,USD,,,38975000.0
0001104659-26-021479,NetIncomeLoss,us-gaap/2024,20251231,4,USD,,,42327000.0
0001104659-26-021479,StockholdersEquity,us-gaap/2024,20251231,0,USD,,,364863000.0
0001104659-26-030236,NetIncomeLoss,us-gaap/2024,20251231,4,USD,,,3911000.0
0001104659-26-021531,Assets,us-gaap/2025,20251231,0,USD,,,9575470000.0
0001104659-26-021531,NetIncomeLoss,us-gaap/2025,20251231,4,USD,,,127194000.0
0001104659-26-031270,Liabilities,us-gaap/2025,20251231,0,USD,,,1334501000.0
0001104659-26-034395,Liabilities,us-gaap/2025,20251231,0,USD,,,837890000.0
0001104659-26-034395,NetIncomeLoss,us-gaap/2025,20251231,4,USD,,,7983000.0
0000913341-26-000010,Liabilities,us-gaap/2025,20251231,0,USD,,,2506146000.0
0001104659-26-027217,Assets,us-gaap/2025,20251231,0,USD,,,4683891000.0
0001104659-26-036813,Liabilities,us-gaap/2025,20251231,0,USD,,,279363000.0
0001104659-26-024523,Assets,us-gaap/2025,20251231,0,USD,,,7042061000.0
0001104659-26-024523,InterestAndDividendIncomeOperating,us-gaap/2025,20251231,4,USD,,,438513000.0
0001104659-26-024646,Liabilities,us-gaap/2024,20251231,0,USD,,,7985327000.0
0001104659-26-027651,Liabilities,us-gaap/2025,20251231,0,USD,,,2182830000.0
0001104659-26-028106,EarningsPerShareBasic,us-gaap/2025,20251231,4,USD,,,5.92
0001104659-26-028599,Assets,us-gaap/2025,20251231,0,USD,,,4047388000.0
0001104659-26-028599,NetIncomeLoss,us-gaap/2025,20251231,4,USD,,,61443000.0
0001104659-26-030236,Assets,us-gaap/2024,20251231,0,USD,,,727121000.0
0001137547-26-000011,EarningsPerShareBasic,us-gaap/2025,20251231,4,USD,,,0.7
0001104659-26-031270,Assets,us-gaap/2025,20251231,0,USD,,,1453813000.0
0001104659-26-031270,EarningsPerShareBasic,us-gaap/2025,20251231,4,USD,,,0.34
0001104659-26-031270,NetIncomeLoss,us-gaap/2025,20251231,4,USD,,,5612000.0
0001104659-26-031270,StockholdersEquity,us-gaap/2025,20251231,0,USD,,,119312000.0
0001128361-26-000011,NetIncomeLoss,us-gaap/2024,20251231,4,USD,,,61588000.0
0001137547-26-000011,NetIncomeLoss,us-gaap/2025,20251231,4,USD,,,12288000.0
0001137547-26-000011,StockholdersEquity,us-gaap/2025,20251231,0,USD,,,139683000.0
0001140361-26-007058,EarningsPerShareBasic,us-gaap/2025,20251231,4,USD,,,5.44
0001140361-26-007058,Liabilities,us-gaap/2025,20251231,0,USD,,,5828066000.0
0001140361-26-007058,NetIncomeLoss,us-gaap/2025,20251231,4,USD,,,98058000.0
0001104659-26-027217,NetIncomeLoss,us-gaap/2025,20251231,4,USD,,,36919000.0
0001104659-26-027378,EarningsPerShareBasic,us-gaap/2025,20251231,4,USD,,,1.49
0001140361-26-009103,Liabilities,us-gaap/2025,20251231,0,USD,,,2726513000.0
0001140361-26-009342,Liabilities,us-gaap/2025,20251231,0,USD,,,1412397000.0
0001140361-26-009383,NetIncomeLoss,us-gaap/2025,20251231,4,USD,,,93605000.0
0001140361-26-009576,Assets,us-gaap/2025,20251231,0,USD,,,6440700000.0
0001140361-26-009657,InterestAndDividendIncomeOperating,us-gaap/2025,20251231,4,USD,,,128758000.0
0001104659-26-017884,StockholdersEquity,us-gaap/2025,20251231,0,USD,,,9059108000.0
0001104659-26-028308,InterestAndDividendIncomeOperating,us-gaap/2025,20251231,4,USD,,,134982000.0
0001104659-26-036813,EarningsPerShareBasic,us-gaap/2025,20251231,4,USD,,,0.1
0001104659-26-036813,NetIncomeLoss,us-gaap/2025,20251231,4,USD,,,172000.0
0001104659-26-030236,EarningsPerShareBasic,us-gaap/2024,20251231,4,USD,,,0.85
0001104659-26-030236,Liabilities,us-gaap/2024,20251231,0,USD,,,626454000.0
0001140361-26-009342,EarningsPerShareBasic,us-gaap/2025,20251231,4,USD,,,3.31
0001140361-26-009383,Assets,us-gaap/2025,20251231,0,USD,,,5690110000.0
0001140361-26-009576,Liabilities,us-gaap/2025,20251231,0,USD,,,5754111000.0
0001140361-26-009576,StockholdersEquity,us-gaap/2025,20251231,0,USD,,,686589000.0
0001140361-26-009657,NetIncomeLoss,us-gaap/2025,20251231,4,USD,,,43069000.0
0000946673-26-000009,EarningsPerShareBasic,us-gaap/2025,20251231,4,USD,,,5.67
0001104659-26-020063,EarningsPerShareBasic,us-gaap/2025,20251231,4,USD,,,1.53
0001104659-26-020393,StockholdersEquity,us-gaap/2024,20251231,0,USD,,,896768000.0
0001104659-26-020439,NetIncomeLoss,us-gaap/2025,20251231,4,USD,,,412293000.0
0001004702-26-000015,EarningsPerShareBasic,us-gaap/2025,20251231,4,USD,,,1.17
0001004702-26-000015,NetIncomeLoss,us-gaap/2025,20251231,4,USD,,,70978000.0
0001004702-26-000015,StockholdersEquity,us-gaap/2025,20251231,0,USD,,,1662550000.0
0001166928-26-000010,Assets,us-gaap/2025,20251231,0,USD,,,4142244000.0
0001166928-26-000010,NetIncomeLoss,us-gaap/2025,20251231,4,USD,,,32560000.0
0001171843-26-001150,Liabilities,us-gaap/2025,20251231,0,USD,,,15876843000.0
0001104659-26-021479,Assets,us-gaap/2024,20251231,0,USD,,,3829279000.0
0001104659-26-021479,InterestAndDividendIncomeOperating,us-gaap/2024,20251231,4,USD,,,171388000.0
0001015328-26-000007,StockholdersEquity,us-gaap/2025,20251231,0,USD,,,7258715000.0
0001174850-26-000077,Assets,us-gaap/2025,20251231,0,USD,,,9185107000.0
0001174850-26-000077,EarningsPerShareBasic,us-gaap/2025,20251231,4,USD,,,10.06
0001104659-26-021544,Liabilities,us-gaap/2025,20251231,0,USD,,,21185887000.0
0001104659-26-021544,NetIncomeLoss,us-gaap/2025,20251231,4,USD,,,276266000.0
0001104659-26-021544,StockholdersEquity,us-gaap/2025,20251231,0,USD,,,2769365000.0
0001174947-26-000299,EarningsPerShareBasic,us-gaap/2025,20251231,4,USD,,,6.85
0001174947-26-000299,NetIncomeLoss,us-gaap/2025,20251231,4,USD,,,24225000.0
0001174947-26-000410,InterestAndDividendIncomeOperating,us-gaap/2025,20251231,4,USD,,,106109000.0
0001174947-26-000410,NetIncomeLoss,us-gaap/2025,20251231,4,USD,,,21559000.0
0001137547-26-000011,Assets,us-gaap/2025,20251231,0,USD,,,1248313000.0
0001137547-26-000011,InterestAndDividendIncomeOperating,us-gaap/2025,20251231,4,USD,,,60812000.0
0001025835-26-000058,InterestAndDividendIncomeOperating,us-gaap/2025,20251231,4,USD,,,888410000.0
0001025835-26-000058,NetIncomeLoss,us-gaap/2025,20251231,4,USD,,,201374000.0
0001104659-26-021651,Liabilities,us-gaap/2025,20251231,0,USD,,,15297262000.0
0001140361-26-007179,Assets,us-gaap/2025,20251231,0,USD,,,15995121000.0
0001140361-26-007179,InterestAndDividendIncomeOperating,us-gaap/2025,20251231,4,USD,,,710992000.0
0001140361-26-007179,Liabilities,us-gaap/2025,20251231,0,USD,,,14098905000.0
0001035092-26-000014,Assets,us-gaap/2025,20251231,0,USD,,,6258818000.0
0001035092-26-000014,InterestAndDividendIncomeOperating,us-gaap/2025,20251231,4,USD,,,310028000.0
0000072971-26-000133,EarningsPerShareBasic,us-gaap/2025,20251231,4,USD,,,6.34
0001140361-26-009383,EarningsPerShareBasic,us-gaap/2025,20251231,4,USD,,,134.96
0001140361-26-009383,InterestAndDividendIncomeOperating,us-gaap/2025,20251231,4,USD,,,279492000.0
0001104659-26-024613,Liabilities,us-gaap/2025,20251231,0,USD,,,2790755000.0
0001104659-26-024659,Assets,us-gaap/2025,20251231,0,USD,,,5598606000.0
0001128361-26-000011,Liabilities,us-gaap/2024,20251231,0,USD,,,16248358000.0
0000073124-26-000016,Liabilities,us-gaap/2025,20251231,0,USD,,,164174800000.0
0000073124-26-000016,StockholdersEquity,us-gaap/2025,20251231,0,USD,,,12957900000.0
0001137547-26-000011,Liabilities,us-gaap/2025,20251231,0,USD,,,1108630000.0
0001104659-26-027378,StockholdersEquity,us-gaap/2025,20251231,0,USD,,,265638000.0
0001140361-26-007179,EarningsPerShareBasic,us-gaap/2025,20251231,4,USD,,,3.34
0001140361-26-009576,EarningsPerShareBasic,us-gaap/2025,20251231,4,USD,,,3.26
0001140361-26-009576,InterestAndDividendIncomeOperating,us-gaap/2025,20251231,4,USD,,,259416000.0
0001104659-26-028308,EarningsPerShareBasic,us-gaap/2025,20251231,4,USD,,,3.33
0001171843-26-001150,EarningsPerShareBasic,us-gaap/2025,20251231,4,USD,,,5.06
0001140361-26-009657,Liabilities,us-gaap/2025,20251231,0,USD,,,1712645000.0
0001171843-26-001195,Assets,us-gaap/2025,20251231,0,USD,,,5960180000.0
0001104659-26-028501,Liabilities,us-gaap/2025,20251231,0,USD,,,10991490000.0
0001104659-26-028542,EarningsPerShareBasic,us-gaap/2025,20251231,4,USD,,,3.0
0001174947-26-000299,InterestAndDividendIncomeOperating,us-gaap/2025,20251231,4,USD,,,88018000.0
0001104659-26-030899,EarningsPerShareBasic,us-gaap/2025,20251231,4,USD,,,1.34
0001104659-26-030899,InterestAndDividendIncomeOperating,us-gaap/2025,20251231,4,USD,,,41489000.0
0001104659-26-030899,Liabilities,us-gaap/2025,20251231,0,USD,,,786930000.0
0001104659-26-030899,NetIncomeLoss,us-gaap/2025,20251231,4,USD,,,7753000.0
0001071236-26-000027,Assets,us-gaap/2025,20251231,0,USD,,,3350910000.0
0001077428-26-000010,Liabilities,us-gaap/2025,20251231,0,USD,,,27908892000.0
0001104659-26-034395,StockholdersEquity,us-gaap/2025,20251231,0,USD,,,57373000.0
0001166928-26-000010,InterestAndDividendIncomeOperating,us-gaap/2025,20251231,4,USD,,,192225000.0
0001166928-26-000010,Liabilities,us-gaap/2025,20251231,0,USD,,,3876259000.0
0001171843-26-001195,InterestAndDividendIncomeOperating,us-gaap/2025,20251231,4,USD,,,230980000.0
0001174850-26-000077,NetIncomeLoss,us-gaap/2025,20251231,4,USD,,,150686000.0
0001174850-26-000077,StockholdersEquity,us-gaap/2025,20251231,0,USD,,,1257662000.0
0001128361-26-000011,Assets,us-gaap/2024,20251231,0,USD,,,18531626000.0
0001128361-26-000011,StockholdersEquity,us-gaap/2024,20251231,0,USD,,,2283268000.0
0001193125-26-064009,NetIncomeLoss,us-gaap/2025,20251231,4,USD,,,224135000.0
0001140361-26-009103,Assets,us-gaap/2025,20251231,0,USD,,,3064564000.0
0001140361-26-009576,NetIncomeLoss,us-gaap/2025,20251231,4,USD,,,61137000.0
0001193125-26-071549,Assets,us-gaap/2025,20251231,0,USD,,,15446476000.0
0001193125-26-071549,EarningsPerShareBasic,us-gaap/2025,20251231,4,USD,,,1.77
0001166928-26-000010,EarningsPerShareBasic,us-gaap/2025,20251231,4,USD,,,1.92
0001171843-26-001150,Assets,us-gaap/2025,20251231,0,USD,,,17727190000.0
0001171843-26-001150,NetIncomeLoss,us-gaap/2025,20251231,4,USD,,,276603000.0
0001171843-26-001195,Liabilities,us-gaap/2025,20251231,0,USD,,,5026671000.0
0001104659-26-017884,EarningsPerShareBasic,us-gaap/2025,20251231,4,USD,,,7.9
0001104659-26-017884,NetIncomeLoss,us-gaap/2025,20251231,4,USD,,,798667000.0
0001174850-26-000077,InterestAndDividendIncomeOperating,us-gaap/2025,20251231,4,USD,,,470950000.0
0001174947-26-000410,StockholdersEquity,us-gaap/2025,20251231,0,USD,,,161054000.0
0001104659-26-018208,StockholdersEquity,us-gaap/2025,20251231,0,USD,,,743112000.0
0001104659-26-019119,EarningsPerShareBasic,us-gaap/2025,20251231,4,USD,,,2.86
0001193125-26-075954,EarningsPerShareBasic,us-gaap/2025,20251231,4,USD,,,7.22
0001193125-26-075954,NetIncomeLoss,us-gaap/2025,20251231,4,USD,,,240610000.0
0001193125-26-076496,Liabilities,us-gaap/2025,20251231,0,USD,,,65400522000.0
0001104659-26-020063,Assets,us-gaap/2025,20251231,0,USD,,,5407002000.0
0001104659-26-020063,InterestAndDividendIncomeOperating,us-gaap/2025,20251231,4,USD,,,281848000.0
0001104659-26-020393,EarningsPerShareBasic,us-gaap/2024,20251231,4,USD,,,1.64
0001104659-26-020393,NetIncomeLoss,us-gaap/2024,20251231,4,USD,,,80310000.0
0001193125-26-077437,InterestAndDividendIncomeOperating,us-gaap/2025,20251231,4,USD,,,1570323000.0
0001193125-26-077437,NetIncomeLoss,us-gaap/2025,20251231,4,USD,,,542843000.0
0001193125-26-064009,Liabilities,us-gaap/2025,20251231,0,USD,,,16803534000.0
0001104659-26-021651,InterestAndDividendIncomeOperating,us-gaap/2025,20251231,4,USD,,,699275000.0
0001193125-26-077903,Assets,us-gaap/2025,20251231,0,USD,,,35472762000.0
0001193125-26-077903,InterestAndDividendIncomeOperating,us-gaap/2025,20251231,4,USD,,,1614620000.0
0001104659-26-024523,Liabilities,us-gaap/2025,20251231,0,USD,,,5939768000.0
0001104659-26-024646,InterestAndDividendIncomeOperating,us-gaap/2024,20251231,4,USD,,,466229000.0
0001104659-26-024659,EarningsPerShareBasic,us-gaap/2025,20251231,4,USD,,,6.23
0001193125-26-082425,EarningsPerShareBasic,us-gaap/2025,20251231,4,USD,,,2.53
0001193125-26-082425,Liabilities,us-gaap/2025,20251231,0,USD,,,7072799000.0
0001193125-26-083194,StockholdersEquity,us-gaap/2025,20251231,0,USD,,,1267906000.0
0001193125-26-083221,StockholdersEquity,us-gaap/2025,20251231,0,USD,,,2295224000.0
0001193125-26-085463,InterestAndDividendIncomeOperating,us-gaap/2025,20251231,4,USD,,,1271940000.0
0001193125-26-085463,NetIncomeLoss,us-gaap/2025,20251231,4,USD,,,223105000.0
0001104659-26-027217,Liabilities,us-gaap/2025,20251231,0,USD,,,4151350000.0
0001104659-26-027378,Liabilities,us-gaap/2025,20251231,0,USD,,,2066912000.0
0001104659-26-027378,NetIncomeLoss,us-gaap/2025,20251231,4,USD,,,21233000.0
0001193125-26-085463,StockholdersEquity,us-gaap/2025,20251231,0,USD,,,4031913000.0
0001193125-26-077903,StockholdersEquity,us-gaap/2025,20251231,0,USD,,,4460117000.0
0001193125-26-076496,StockholdersEquity,us-gaap/2025,20251231,0,USD,,,7693568000.0
0001193125-26-064009,EarningsPerShareBasic,us-gaap/2025,20251231,4,USD,,,3.72
0001193125-26-080847,EarningsPerShareBasic,us-gaap/2025,20251231,4,USD,,,3.84
0001193125-26-085756,Liabilities,us-gaap/2024,20251231,0,USD,,,69099188000.0
0001193125-26-085756,NetIncomeLoss,us-gaap/2024,20251231,4,USD,,,833159000.0
0001193125-26-081470,Liabilities,us-gaap/2025,20251231,0,USD,,,28164298000.0
0001104659-26-028542,Assets,us-gaap/2025,20251231,0,USD,,,5860810000.0
0001104659-26-028542,InterestIncomeOperating,us-gaap/2025,20251231,4,USD,,,285972000.0
0001104659-26-028542,Liabilities,us-gaap/2025,20251231,0,USD,,,5308318000.0
0000083246-26-000005,InterestAndDividendIncomeOperating,us-gaap/2025,20251231,4,USD,,,7502000000.0
0001104659-26-028599,InterestAndDividendIncomeOperating,us-gaap/2025,20251231,4,USD,,,200442000.0
0001104659-26-030899,Assets,us-gaap/2025,20251231,0,USD,,,857445000.0
0001193125-26-071523,Assets,us-gaap/2025,20251231,0,USD,,,4081887000.0
0001193125-26-071523,InterestAndDividendIncomeOperating,us-gaap/2025,20251231,4,USD,,,247310000.0
0001193125-26-071549,InterestAndDividendIncomeOperating,us-gaap/2025,20251231,4,USD,,,702480000.0
0001193125-26-071549,NetIncomeLoss,us-gaap/2025,20251231,4,USD,,,253579000.0
0001193125-26-071549,StockholdersEquity,us-gaap/2025,20251231,0,USD,,,1917317000.0
0000092230-26-000030,StockholdersEquity,us-gaap/2025,20251231,0,USD,,,65189000000.0
0001193125-26-075954,Assets,us-gaap/2025,20251231,0,USD,,,14838893000.0
0001193125-26-075954,StockholdersEquity,us-gaap/2025,20251231,0,USD,,,1854125000.0
0001193125-26-080847,InterestAndDividendIncomeOperating,us-gaap/2025,20251231,4,USD,,,372990000.0
0001193125-26-081470,Assets,us-gaap/2025,20251231,0,USD,,,33660281000.0
0001193125-26-082425,NetIncomeLoss,us-gaap/2025,20251231,4,USD,,,76089000.0
0001104659-26-036813,InterestAndDividendIncomeOperating,us-gaap/2025,20251231,4,USD,,,14627000.0
0001193125-26-083194,Assets,us-gaap/2025,20251231,0,USD,,,9652676000.0
0001193125-26-083194,EarningsPerShareBasic,us-gaap/2025,20251231,4,USD,,,2.9
0001193125-26-077437,Assets,us-gaap/2025,20251231,0,USD,,,38463425000.0
0001193125-26-083194,NetIncomeLoss,us-gaap/2025,20251231,4,USD,,,130051000.0
0001193125-26-083221,InterestAndDividendIncomeOperating,us-gaap/2025,20251231,4,USD,,,593301000.0
0001193125-26-093397,InterestAndDividendIncomeOperating,us-gaap/2025,20251231,4,USD,,,57820000.0
0001193125-26-085463,EarningsPerShareBasic,us-gaap/2025,20251231,4,USD,,,2.23
0001193125-26-077903,Liabilities,us-gaap/2025,20251231,0,USD,,,31012645000.0
0001193125-26-080847,Liabilities,us-gaap/2025,20251231,0,USD,,,7007966000.0
0001193125-26-080847,NetIncomeLoss,us-gaap/2025,20251231,4,USD,,,91749000.0
0000093751-26-000124,StockholdersEquity,us-gaap/2025,20251231,0,USD,,,27841000000.0
0001193125-26-096665,NetIncomeLoss,us-gaap/2025,20251231,4,USD,,,22726000.0
0001193125-26-080847,Assets,us-gaap/2025,20251231,0,USD,,,7966658000.0
0001193125-26-082425,Assets,us-gaap/2025,20251231,0,USD,,,7869185000.0
0001193125-26-098467,NetIncomeLoss,us-gaap/2025,20251231,4,USD,,,74867000.0
0001193125-26-099933,EarningsPerShareBasic,us-gaap/2025,20251231,4,USD,,,5.43
0001193125-26-099933,Liabilities,us-gaap/2025,20251231,0,USD,,,3487525000.0
0001193125-26-099933,StockholdersEquity,us-gaap/2025,20251231,0,USD,,,293627000.0
0001193125-26-082893,Assets,us-gaap/2025,20251231,0,USD,,,5878956000.0
0001193125-26-103635,EarningsPerShareBasic,us-gaap/2025,20251231,4,USD,,,1.03
0001193125-26-082893,InterestAndDividendIncomeOperating,us-gaap/2025,20251231,4,USD,,,326187000.0
0001193125-26-082893,Liabilities,us-gaap/2025,20251231,0,USD,,,5297271000.0
0001193125-26-083194,InterestAndDividendIncomeOperating,us-gaap/2025,20251231,4,USD,,,572220000.0
0001193125-26-083194,Liabilities,us-gaap/2025,20251231,0,USD,,,8384770000.0
0001193125-26-083221,Assets,us-gaap/2025,20251231,0,USD,,,15631054000.0
0001193125-26-104114,Assets,us-gaap/2025,20251231,0,USD,,,2306586000.0
0001193125-26-085463,Liabilities,us-gaap/2025,20251231,0,USD,,,23664420000.0
0001193125-26-105046,Liabilities,us-gaap/2025,20251231,0,USD,,,3945198000.0
0001193125-26-107482,NetIncomeLoss,us-gaap/2025,20251231,4,USD,,,14090000.0
0001193125-26-108381,Liabilities,us-gaap/2025,20251231,0,USD,,,1166456000.0
0001193125-26-085756,Assets,us-gaap/2024,20251231,0,USD,,,75348267000.0
0001140361-26-007058,StockholdersEquity,us-gaap/2025,20251231,0,USD,,,856072000.0
0001140361-26-007179,StockholdersEquity,us-gaap/2025,20251231,0,USD,,,1896216000.0
0001140361-26-008087,EarningsPerShareBasic,us-gaap/2025,20251231,4,USD,,,3.59
0001140361-26-009103,EarningsPerShareBasic,us-gaap/2025,20251231,4,USD,,,7.62
0001140361-26-009342,InterestAndDividendIncomeOperating,us-gaap/2025,20251231,4,USD,,,85237000.0
0001140361-26-009383,StockholdersEquity,us-gaap/2025,20251231,0,USD,,,645514000.0
0001140361-26-009657,Assets,us-gaap/2025,20251231,0,USD,,,1963640000.0
0001140361-26-009657,EarningsPerShareBasic,us-gaap/2025,20251231,4,USD,,,4.56
0001193125-26-098467,Assets,us-gaap/2025,20251231,0,USD,,,6274140000.0
0001166928-26-000010,StockholdersEquity,us-gaap/2025,20251231,0,USD,,,265985000.0
0001171843-26-001195,EarningsPerShareBasic,us-gaap/2025,20251231,4,USD,,,4.52
0001193125-26-103635,InterestAndDividendIncomeOperating,us-gaap/2025,20251231,4,USD,,,59415000.0
0001193125-26-103638,Assets,us-gaap/2025,20251231,0,USD,,,2117321000.0
0001193125-26-104114,EarningsPerShareBasic,us-gaap/2025,20251231,4,USD,,,2.24
0001174947-26-000299,Assets,us-gaap/2025,20251231,0,USD,,,1673199000.0
0001174947-26-000299,StockholdersEquity,us-gaap/2025,20251231,0,USD,,,192541000.0
0001193125-26-104211,NetIncomeLoss,us-gaap/2025,20251231,4,USD,,,33511000.0
0001193125-26-104410,Liabilities,us-gaap/2025,20251231,0,USD,,,2108898000.0
0001193125-26-098059,NetIncomeLoss,us-gaap/2025,20251231,4,USD,,,82353000.0
0001193125-26-098467,Liabilities,us-gaap/2025,20251231,0,USD,,,5645286000.0
0000035527-26-000124,NetIncomeLoss,us-gaap/2025,20251231,4,USD,,,2522000000.0
0000036270-26-000010,StockholdersEquity,us-gaap/2025,20251231,0,USD,,,29177000000.0
0000037808-26-000007,Assets,us-gaap/2025,20251231,0,USD,,,50229000000.0
0000037808-26-000007,StockholdersEquity,us-gaap/2025,20251231,0,USD,,,6759000000.0
0001193125-26-105046,EarningsPerShareBasic,us-gaap/2025,20251231,4,USD,,,2.02
0001193125-26-105046,StockholdersEquity,us-gaap/2025,20251231,0,USD,,,465353000.0
0001193125-26-108381,Assets,us-gaap/2025,20251231,0,USD,,,1292736000.0
0001193125-26-096836,InterestAndDividendIncomeOperating,us-gaap/2025,20251231,4,USD,,,220985000.0
0001193125-26-096836,StockholdersEquity,us-gaap/2025,20251231,0,USD,,,543474000.0
0001193125-26-103638,StockholdersEquity,us-gaap/2025,20251231,0,USD,,,184426000.0
0001193125-26-098059,EarningsPerShareBasic,us-gaap/2025,20251231,4,USD,,,6.76
0001193125-26-093397,StockholdersEquity,us-gaap/2025,20251231,0,USD,,,64902000.0
0001193125-26-098467,StockholdersEquity,us-gaap/2025,20251231,0,USD,,,628854000.0
0000070858-26-000157,InterestAndDividendIncomeOperating,us-gaap/2025,20251231,4,USD,,,138566000000.0
0000070858-26-000157,Liabilities,us-gaap/2025,20251231,0,USD,,,3108495000000.0
0000073124-26-000016,NetIncomeLoss,us-gaap/2025,20251231,4,USD,,,1736900000.0
0001193125-26-104211,Assets,us-gaap/2025,20251231,0,USD,,,3070929000.0
0000093751-26-000124,Assets,us-gaap/2025,20251231,0,USD,,,366047000000.0
0001193125-26-103635,Liabilities,us-gaap/2025,20251231,0,USD,,,1049137000.0
0001193125-26-103638,EarningsPerShareBasic,us-gaap/2025,20251231,4,USD,,,2.7
0001193125-26-103638,InterestAndDividendIncomeOperating,us-gaap/2025,20251231,4,USD,,,119995000.0
0000093751-26-000124,InterestAndDividendIncomeOperating,us-gaap/2025,20251231,4,USD,,,11644000000.0
0001193125-26-096665,StockholdersEquity,us-gaap/2025,20251231,0,USD,,,732054000.0
0001193125-26-107482,Assets,us-gaap/2025,20251231,0,USD,,,1906005000.0
0001193125-26-104211,Liabilities,us-gaap/2025,20251231,0,USD,,,2764497000.0
0000109380-26-000046,EarningsPerShareBasic,us-gaap/2025,20251231,4,USD,,,6.01
0001193125-26-111012,EarningsPerShareBasic,us-gaap/2025,20251231,4,USD,,,2.08
0001193125-26-111012,Liabilities,us-gaap/2025,20251231,0,USD,,,926744000.0
0000314489-26-000013,EarningsPerShareBasic,us-gaap/2025,20251231,4,USD,,,1.49
0000318300-26-000099,InterestAndDividendIncomeOperating,us-gaap/2025,20251231,4,USD,,,514306000.0
0000318300-26-000099,NetIncomeLoss,us-gaap/2025,20251231,4,USD,,,106778000.0
0000351569-26-000050,Assets,us-gaap/2025,20251231,0,USD,,,27515879000.0
0001193125-26-106151,EarningsPerShareBasic,us-gaap/2025,20251231,4,USD,,,2.73
0001193125-26-106151,NetIncomeLoss,us-gaap/2025,20251231,4,USD,,,18611000.0
0000700564-26-000006,Liabilities,us-gaap/2025,20251231,0,USD,,,28627953000.0
0000705432-26-000034,StockholdersEquity,us-gaap/2025,20251231,0,USD,,,847615000.0
0000707179-26-000010,StockholdersEquity,us-gaap/2025,20251231,0,USD,,,8494788000.0
0001193125-26-108381,EarningsPerShareBasic,us-gaap/2025,20251231,4,USD,,,5.07
0001193125-26-108381,InterestAndDividendIncomeOperating,us-gaap/2025,20251231,4,USD,,,57037000.0
0000711669-26-000007,StockholdersEquity,us-gaap/2025,20251231,0,USD,,,375920000.0
0000714562-26-000014,EarningsPerShareBasic,us-gaap/2025,20251231,4,USD,,,6.68
0000714562-26-000014,StockholdersEquity,us-gaap/2025,20251231,0,USD,,,650869000.0
0001193125-26-064009,InterestAndDividendIncomeOperating,us-gaap/2025,20251231,4,USD,,,948622000.0
0001193125-26-104114,Liabilities,us-gaap/2025,20251231,0,USD,,,2047057000.0
0001193125-26-104114,StockholdersEquity,us-gaap/2025,20251231,0,USD,,,259529000.0
0001193125-26-104211,EarningsPerShareBasic,us-gaap/2025,20251231,4,USD,,,0.9
0001193125-26-111012,InterestAndDividendIncomeOperating,us-gaap/2025,20251231,4,USD,,,40768000.0
0000723646-26-000016,Assets,us-gaap/2025,20251231,0,USD,,,2239018000.0
0001193125-26-129567,NetIncomeLoss,us-gaap/2025,20251231,4,USD,,,20929000.0
0001193125-26-104410,Assets,us-gaap/2025,20251231,0,USD,,,2432589000.0
0000726854-26-000062,EarningsPerShareBasic,us-gaap/2025,20251231,4,USD,,,8.94
0000732417-26-000022,EarningsPerShareBasic,us-gaap/2025,20251231,4,USD,,,6.82
0000736772-26-000031,Assets,us-gaap/2025,20251231,0,USD,,,8396435000.0
0000736772-26-000031,NetIncomeLoss,us-gaap/2025,20251231,4,USD,,,66131000.0
0000737875-26-000009,InterestAndDividendIncomeOperating,us-gaap/2025,20251231,4,USD,,,77199000.0
0000750686-26-000010,Liabilities,us-gaap/2025,20251231,0,USD,,,6278026000.0
0000765207-26-000067,EarningsPerShareBasic,us-gaap/2025,20251231,4,USD,,,3.1
0000765207-26-000067,InterestAndDividendIncomeOperating,us-gaap/2025,20251231,4,USD,,,160271000.0
0000765207-26-000067,Liabilities,us-gaap/2025,20251231,0,USD,,,2883160000.0
0001193125-26-105046,InterestAndDividendIncomeOperating,us-gaap/2025,20251231,4,USD,,,202958000.0
0001193125-26-107482,InterestAndDividendIncomeOperating,us-gaap/2025,20251231,4,USD,,,92638000.0
0001193125-26-107482,StockholdersEquity,us-gaap/2025,20251231,0,USD,,,129563000.0
0001193125-26-071523,Liabilities,us-gaap/2025,20251231,0,USD,,,3710302000.0
0000801337-26-000008,Liabilities,us-gaap/2025,20251231,0,USD,,,74581427000.0
0000811589-26-000051,Liabilities,us-gaap/2025,20251231,0,USD,,,11014171000.0
0000811830-26-000005,Assets,us-gaap/2025,20251231,0,USD,,,164572121000.0
0000811830-26-000005,InterestAndDividendIncomeOperating,us-gaap/2025,20251231,4,USD,,,12436658000.0
0001193125-26-128416,EarningsPerShareBasic,us-gaap/2025,20251231,4,USD,,,3.57
0001193125-26-128416,NetIncomeLoss,us-gaap/2025,20251231,4,USD,,,19261000.0
0001193125-26-128416,StockholdersEquity,us-gaap/2025,20251231,0,USD,,,184161000.0
0001193125-26-075954,Liabilities,us-gaap/2025,20251231,0,USD,,,12984768000.0
0001193125-26-076496,Assets,us-gaap/2025,20251231,0,USD,,,73094090000.0
0000846617-26-000013,NetIncomeLoss,us-gaap/2025,20251231,4,USD,,,110682000.0
0000879635-26-000026,Liabilities,us-gaap/2025,20251231,0,USD,,,5319838000.0
0001193125-26-128416,Liabilities,us-gaap/2025,20251231,0,USD,,,1465581000.0
0000893847-26-000037,NetIncomeLoss,us-gaap/2025,20251231,4,USD,,,23801000.0
0001193125-26-077437,EarningsPerShareBasic,us-gaap/2025,20251231,4,USD,,,5.72
0001193125-26-077437,Liabilities,us-gaap/2025,20251231,0,USD,,,30847285000.0
0000913341-26-000010,InterestAndDividendIncomeOperating,us-gaap/2025,20251231,4,USD,,,151499000.0
0001193125-26-129567,Assets,us-gaap/2025,20251231,0,USD,,,1359491000.0
0001193125-26-077903,EarningsPerShareBasic,us-gaap/2025,20251231,4,USD,,,5.7
0001193125-26-132075,InterestAndDividendIncomeOperating,us-gaap/2025,20251231,4,USD,,,76653000.0
0001193125-26-132075,NetIncomeLoss,us-gaap/2025,20251231,4,USD,,,-1933000.0
0000927628-26-000024,InterestAndDividendIncomeOperating,us-gaap/2025,20251231,4,USD,,,58696000000.0
0001193125-26-082425,InterestAndDividendIncomeOperating,us-gaap/2025,20251231,4,USD,,,410928000.0
0001213900-26-033659,Assets,us-gaap/2025,20251231,0,USD,,,2291454981.0
0001213900-26-033659,StockholdersEquity,us-gaap/2025,20251231,0,USD,,,285343832.0
0000946673-26-000009,Liabilities,us-gaap/2025,20251231,0,USD,,,14408191000.0
0001193125-26-128311,InterestAndDividendIncomeOperating,us-gaap/2025,20251231,4,USD,,,75313000.0
0001193125-26-128416,Assets,us-gaap/2025,20251231,0,USD,,,1649742000.0
0001206774-26-000084,EarningsPerShareBasic,us-gaap/2025,20251231,4,USD,,,3.75
0001206774-26-000084,Liabilities,us-gaap/2025,20251231,0,USD,,,4034837000.0
0001206774-26-000084,StockholdersEquity,us-gaap/2025,20251231,0,USD,,,368657000.0
0001193125-26-083221,EarningsPerShareBasic,us-gaap/2025,20251231,4,USD,,,1.52
0001013272-26-000003,StockholdersEquity,us-gaap/2025,20251231,0,USD,,,242157000.0
0001213900-26-024471,NetIncomeLoss,us-gaap/2025,20251231,4,USD,,,13974000.0
0001030469-26-000008,StockholdersEquity,us-gaap/2025,20251231,0,USD,,,1390005000.0
0001035092-26-000014,Liabilities,us-gaap/2025,20251231,0,USD,,,5668945000.0
0001193125-26-129567,InterestAndDividendIncomeOperating,us-gaap/2025,20251231,4,USD,,,84326000.0
0001193125-26-085756,EarningsPerShareBasic,us-gaap/2024,20251231,4,USD,,,12.31
0001275101-26-000010,Liabilities,us-gaap/2025,20251231,0,USD,,,958976000.0
0001277902-26-000030,StockholdersEquity,us-gaap/2025,20251231,0,USD,,,333968000.0
0001213900-26-033659,NetIncomeLoss,us-gaap/2025,20251231,4,USD,,,37196198.0
0001050441-26-000021,EarningsPerShareBasic,us-gaap/2025,20251231,4,USD,,,-4.55
0001281761-26-000019,EarningsPerShareBasic,us-gaap/2025,20251231,4,USD,,,2.31
0001193125-26-128311,Assets,us-gaap/2025,20251231,0,USD,,,1824506000.0
0001193125-26-128311,Liabilities,us-gaap/2025,20251231,0,USD,,,1639598000.0
0001193125-26-128311,NetIncomeLoss,us-gaap/2025,20251231,4,USD,,,15826000.0
0001193125-26-128416,InterestAndDividendIncomeOperating,us-gaap/2025,20251231,4,USD,,,77246000.0
0001206774-26-000084,NetIncomeLoss,us-gaap/2025,20251231,4,USD,,,30366000.0
0001069157-26-000009,StockholdersEquity,us-gaap/2025,20251231,0,USD,,,8899202000.0
0001071236-26-000027,InterestAndDividendIncomeOperating,us-gaap/2025,20251231,4,USD,,,149886000.0
0001193125-26-129567,EarningsPerShareBasic,us-gaap/2025,20251231,4,USD,,,1.46
0001193125-26-129567,Liabilities,us-gaap/2025,20251231,0,USD,,,1193736000.0
0001213900-26-024471,InterestIncomeOperating,us-gaap/2025,20251231,4,USD,,,73920000.0
0001193125-26-132075,Liabilities,us-gaap/2025,20251231,0,USD,,,1304185000.0
0001193125-26-132075,StockholdersEquity,us-gaap/2025,20251231,0,USD,,,122451000.0
0001193125-26-093397,EarningsPerShareBasic,us-gaap/2025,20251231,4,USD,,,1.49
0001275101-26-000010,Assets,us-gaap/2025,20251231,0,USD,,,1039024000.0
0001275101-26-000010,NetIncomeLoss,us-gaap/2025,20251231,4,USD,,,9022000.0
0001331520-26-000051,Liabilities,us-gaap/2025,20251231,0,USD,,,18585008000.0
0001277902-26-000030,InterestAndDividendIncomeOperating,us-gaap/2025,20251231,4,USD,,,175323000.0
0001213900-26-033659,EarningsPerShareBasic,us-gaap/2025,20251231,4,USD,,,2.95
0001213900-26-033659,Liabilities,us-gaap/2025,20251231,0,USD,,,2006111149.0
0001336706-26-000020,Assets,us-gaap/2025,20251231,0,USD,,,7022825000.0
0001336706-26-000020,NetIncomeLoss,us-gaap/2025,20251231,4,USD,,,83409000.0
0001213900-26-024471,StockholdersEquity,us-gaap/2025,20251231,0,USD,,,141236000.0
0001104659-26-015264,Liabilities,us-gaap/2025,20251231,0,USD,,,13647388000.0
0001193125-26-096665,Assets,us-gaap/2025,20251231,0,USD,,,6373172000.0
0001193125-26-096836,Assets,us-gaap/2025,20251231,0,USD,,,4336453000.0
0001193125-26-096836,EarningsPerShareBasic,us-gaap/2025,20251231,4,USD,,,2.64
0001193125-26-096836,Liabilities,us-gaap/2025,20251231,0,USD,,,3792979000.0
0001193125-26-096836,NetIncomeLoss,us-gaap/2025,20251231,4,USD,,,46212000.0
0001104659-26-017884,InterestAndDividendIncomeOperating,us-gaap/2025,20251231,4,USD,,,3379498000.0
0001104659-26-018208,NetIncomeLoss,us-gaap/2025,20251231,4,USD,,,71098000.0
0001193125-26-098059,Assets,us-gaap/2025,20251231,0,USD,,,8078448000.0
0001193125-26-098059,StockholdersEquity,us-gaap/2025,20251231,0,USD,,,746701000.0
0001193125-26-098467,EarningsPerShareBasic,us-gaap/2025,20251231,4,USD,,,3.65
0001193125-26-098467,InterestAndDividendIncomeOperating,us-gaap/2025,20251231,4,USD,,,332989000.0
0001104659-26-019119,Liabilities,us-gaap/2025,20251231,0,USD,,,8498404000.0
0001193125-26-099933,Assets,us-gaap/2025,20251231,0,USD,,,3787385000.0
0001193125-26-099933,NetIncomeLoss,us-gaap/2025,20251231,4,USD,,,42105000.0
0001295401-26-000002,StockholdersEquity,us-gaap/2025,20251231,0,USD,,,689796000.0
0001104659-26-020063,StockholdersEquity,us-gaap/2025,20251231,0,USD,,,517095000.0
0001403475-26-000018,Assets,us-gaap/2025,20251231,0,USD,,,3904778000.0
0001403475-26-000018,EarningsPerShareBasic,us-gaap/2025,20251231,4,USD,,,-2.24
0001403475-26-000018,InterestIncomeOperating,us-gaap/2025,20251231,4,USD,,,38467000.0
0001104659-26-020439,Assets,us-gaap/2025,20251231,0,USD,,,16576335000.0
0001104659-26-020439,EarningsPerShareBasic,us-gaap/2025,20251231,4,USD,,,6.63
0001104659-26-020439,Liabilities,us-gaap/2025,20251231,0,USD,,,13324697000.0
0001104659-26-020439,StockholdersEquity,us-gaap/2025,20251231,0,USD,,,3251638000.0
0001419536-26-000073,InterestAndDividendIncomeOperating,us-gaap/2025,20251231,4,USD,,,260871000.0
0001104659-26-021531,Liabilities,us-gaap/2025,20251231,0,USD,,,8463159000.0
0001104659-26-021549,Assets,us-gaap/2025,20251231,0,USD,,,19448943000.0
0001104659-26-021549,EarningsPerShareBasic,us-gaap/2025,20251231,4,USD,,,3.78
0001104659-26-021549,Liabilities,us-gaap/2025,20251231,0,USD,,,17168184000.0
0001104659-26-021567,NetIncomeLoss,us-gaap/2025,20251231,4,USD,,,71496000.0
0001193125-26-103635,NetIncomeLoss,us-gaap/2025,20251231,4,USD,,,5992000.0
0001275101-26-000010,InterestAndDividendIncomeOperating,us-gaap/2025,20251231,4,USD,,,46655000.0
0001104659-26-021651,Assets,us-gaap/2025,20251231,0,USD,,,17303296000.0
0001331520-26-000051,InterestAndDividendIncomeOperating,us-gaap/2025,20251231,4,USD,,,1278820000.0
0001281761-26-000019,Assets,us-gaap/2025,20251231,0,USD,,,158814000000.0
0001281761-26-000019,InterestAndDividendIncomeOperating,us-gaap/2025,20251231,4,USD,,,7073000000.0
0001281761-26-000019,Liabilities,us-gaap/2025,20251231,0,USD,,,139711000000.0
0001281761-26-000019,StockholdersEquity,us-gaap/2025,20251231,0,USD,,,19043000000.0
0001104659-26-024523,StockholdersEquity,us-gaap/2025,20251231,0,USD,,,1102293000.0
0001104659-26-024613,Assets,us-gaap/2025,20251231,0,USD,,,3132469000.0
0001104659-26-024613,NetIncomeLoss,us-gaap/2025,20251231,4,USD,,,23427000.0
0001104659-26-024659,Liabilities,us-gaap/2025,20251231,0,USD,,,4962480000.0
0001104659-26-024659,NetIncomeLoss,us-gaap/2025,20251231,4,USD,,,70973000.0
0001193125-26-104211,InterestAndDividendIncomeOperating,us-gaap/2025,20251231,4,USD,,,164589000.0
0001193125-26-104410,InterestAndDividendIncomeOperating,us-gaap/2025,20251231,4,USD,,,137773000.0
0001390777-26-000033,EarningsPerShareBasic,us-gaap/2025,20251231,4,USD,,,7.47
0001390777-26-000033,StockholdersEquity,us-gaap/2025,20251231,0,USD,,,44313000000.0
0001437749-26-005830,EarningsPerShareBasic,us-gaap/2025,20251231,4,USD,,,4.77
0001193125-26-105046,NetIncomeLoss,us-gaap/2025,20251231,4,USD,,,28176000.0
0001437749-26-005997,Assets,us-gaap/2025,20251231,0,USD,,,6835219000.0
0001437749-26-005997,Liabilities,us-gaap/2025,20251231,0,USD,,,6110335000.0
0001193125-26-106151,InterestAndDividendIncomeOperating,us-gaap/2025,20251231,4,USD,,,130552000.0
0001193125-26-106151,Liabilities,us-gaap/2025,20251231,0,USD,,,2014435000.0
0001104659-26-027217,InterestAndDividendIncomeOperating,us-gaap/2025,20251231,4,USD,,,209519000.0
0001104659-26-027217,StockholdersEquity,us-gaap/2025,20251231,0,USD,,,532541000.0
0001104659-26-027378,Assets,us-gaap/2025,20251231,0,USD,,,2332550000.0
0001403475-26-000018,Liabilities,us-gaap/2025,20251231,0,USD,,,3510124000.0
0001275101-26-000010,StockholdersEquity,us-gaap/2025,20251231,0,USD,,,80048000.0
0001277902-26-000030,EarningsPerShareBasic,us-gaap/2025,20251231,4,USD,,,2.11
0001277902-26-000030,Liabilities,us-gaap/2025,20251231,0,USD,,,2974950000.0
0001104659-26-027651,StockholdersEquity,us-gaap/2025,20251231,0,USD,,,200266000.0
0001295401-26-000002,InterestAndDividendIncomeOperating,us-gaap/2025,20251231,4,USD,,,551369000.0
0001295401-26-000002,NetIncomeLoss,us-gaap/2025,20251231,4,USD,,,228213000.0
0001104659-26-028501,InterestAndDividendIncomeOperating,us-gaap/2025,20251231,4,USD,,,540989000.0
0001104659-26-028501,NetIncomeLoss,us-gaap/2025,20251231,4,USD,,,-155157000.0
0001437749-26-006820,NetIncomeLoss,us-gaap/2025,20251231,4,USD,,,17439000.0
0001437749-26-007330,Assets,us-gaap/2025,20251231,0,USD,,,2106367000.0
0001437749-26-007330,Liabilities,us-gaap/2025,20251231,0,USD,,,1914553000.0
0001437749-26-007330,NetIncomeLoss,us-gaap/2025,20251231,4,USD,,,14835000.0
0001437749-26-007758,Assets,us-gaap/2025,20251231,0,USD,,,2240769000.0
0001104659-26-030899,StockholdersEquity,us-gaap/2025,20251231,0,USD,,,70515000.0
0001437749-26-008446,Liabilities,us-gaap/2025,20251231,0,USD,,,2531975000.0
0001104659-26-034395,Assets,us-gaap/2025,20251231,0,USD,,,895263000.0
0001437749-26-009154,StockholdersEquity,us-gaap/2025,20251231,0,USD,,,107664000.0
0001437749-26-009181,EarningsPerShareBasic,us-gaap/2025,20251231,4,USD,,,3.8
0001437749-26-009757,StockholdersEquity,us-gaap/2025,20251231,0,USD,,,207975000.0
0001437749-26-010240,EarningsPerShareBasic,us-gaap/2025,20251231,4,USD,,,9.15
0001437749-26-010240,Liabilities,us-gaap/2025,20251231,0,USD,,,1143058000.0
0001104659-26-036813,Assets,us-gaap/2025,20251231,0,USD,,,312114000.0
0001437749-26-005320,Liabilities,us-gaap/2025,20251231,0,USD,,,12429360000.0
0001437749-26-005997,EarningsPerShareBasic,us-gaap/2025,20251231,4,USD,,,5.47
0001462120-26-000020,NetIncomeLoss,us-gaap/2025,20251231,4,USD,,,105871000.0
0001277902-26-000030,Assets,us-gaap/2025,20251231,0,USD,,,3308918000.0
0001437749-26-007084,Assets,us-gaap/2025,20251231,0,USD,,,5245870000.0
0001437749-26-007084,StockholdersEquity,us-gaap/2025,20251231,0,USD,,,485725000.0
0001128361-26-000011,EarningsPerShareBasic,us-gaap/2024,20251231,4,USD,,,0.49
0001128361-26-000011,InterestAndDividendIncomeOperating,us-gaap/2024,20251231,4,USD,,,941164000.0
0001437749-26-007748,Liabilities,us-gaap/2025,20251231,0,USD,,,1924918000.0
0001437749-26-007758,NetIncomeLoss,us-gaap/2025,20251231,4,USD,,,23120000.0
0001437749-26-007976,Assets,us-gaap/2025,20251231,0,USD,,,2133540000.0
0001437749-26-007976,InterestAndDividendIncomeOperating,us-gaap/2025,20251231,4,USD,,,87093000.0
0001437749-26-008215,Assets,us-gaap/2025,20251231,0,USD,,,2748058000.0
0001140361-26-007058,Assets,us-gaap/2025,20251231,0,USD,,,6684138000.0
0001403475-26-000018,InterestAndDividendIncomeOperating,us-gaap/2025,20251231,4,USD,,,152428000.0
0001140361-26-007179,NetIncomeLoss,us-gaap/2025,20251231,4,USD,,,169235000.0
0001140361-26-008087,Assets,us-gaap/2025,20251231,0,USD,,,4480500000.0
0001437749-26-008852,EarningsPerShareBasic,us-gaap/2025,20251231,4,USD,,,-2.25
0001140361-26-008087,InterestAndDividendIncomeOperating,us-gaap/2025,20251231,4,USD,,,251998000.0
0001140361-26-008087,Liabilities,us-gaap/2025,20251231,0,USD,,,3986663000.0
0001140361-26-009103,InterestAndDividendIncomeOperating,us-gaap/2025,20251231,4,USD,,,159168000.0
0001140361-26-009103,StockholdersEquity,us-gaap/2025,20251231,0,USD,,,338051000.0
0001140361-26-009342,Assets,us-gaap/2025,20251231,0,USD,,,1582654000.0
0001437749-26-009181,Liabilities,us-gaap/2025,20251231,0,USD,,,1417629000.0
0001140361-26-009342,StockholdersEquity,us-gaap/2025,20251231,0,USD,,,170257000.0
0001140361-26-009383,Liabilities,us-gaap/2025,20251231,0,USD,,,5044596000.0
0001140361-26-009657,StockholdersEquity,us-gaap/2025,20251231,0,USD,,,250995000.0
0001437749-26-009748,InterestAndDividendIncomeOperating,us-gaap/2025,20251231,4,USD,,,99497000.0
0001390777-26-000033,Assets,us-gaap/2025,20251231,0,USD,,,472300000000.0
0001390777-26-000033,InterestAndDividendIncomeOperating,us-gaap/2025,20251231,4,USD,,,25626000000.0
0001419536-26-000073,NetIncomeLoss,us-gaap/2025,20251231,4,USD,,,57170000.0
0001295401-26-000002,Liabilities,us-gaap/2025,20251231,0,USD,,,8662629000.0
0001403475-26-000018,StockholdersEquity,us-gaap/2025,20251231,0,USD,,,394654000.0
0001437958-26-000013,Liabilities,us-gaap/2025,20251231,0,USD,,,4250478000.0
0001437958-26-000013,NetIncomeLoss,us-gaap/2025,20251231,4,USD,,,46993000.0
0001488813-26-000029,EarningsPerShareBasic,us-gaap/2025,20251231,4,USD,,,6.46
0001171843-26-001150,InterestAndDividendIncomeOperating,us-gaap/2025,20251231,4,USD,,,990427000.0
0001171843-26-001195,NetIncomeLoss,us-gaap/2025,20251231,4,USD,,,116173000.0
0001171843-26-001195,StockholdersEquity,us-gaap/2025,20251231,0,USD,,,933509000.0
0001331520-26-000051,NetIncomeLoss,us-gaap/2025,20251231,4,USD,,,475441000.0
0001423869-26-000006,InterestAndDividendIncomeOperating,us-gaap/2025,20251231,4,USD,,,197536000.0
0001174947-26-000299,Liabilities,us-gaap/2025,20251231,0,USD,,,1480658000.0
0001174947-26-000410,Assets,us-gaap/2025,20251231,0,USD,,,2257727000.0
0001336706-26-000020,Liabilities,us-gaap/2025,20251231,0,USD,,,6453783000.0
0001336706-26-000020,StockholdersEquity,us-gaap/2025,20251231,0,USD,,,569042000.0
0001174947-26-000410,EarningsPerShareBasic,us-gaap/2025,20251231,4,USD,,,3.8
0001437749-26-005997,InterestAndDividendIncomeOperating,us-gaap/2025,20251231,4,USD,,,330194000.0
0001437749-26-005997,StockholdersEquity,us-gaap/2025,20251231,0,USD,,,724884000.0
0001437749-26-006157,NetIncomeLoss,us-gaap/2025,20251231,4,USD,,,315124000.0
0001437749-26-007180,Liabilities,us-gaap/2025,20251231,0,USD,,,2759096000.0
0001437749-26-007748,EarningsPerShareBasic,us-gaap/2025,20251231,4,USD,,,3.2
0001437749-26-007748,InterestAndDividendIncomeOperating,us-gaap/2025,20251231,4,USD,,,142677000.0
0001437749-26-007976,Liabilities,us-gaap/2025,20251231,0,USD,,,1925646000.0
0001437749-26-007976,NetIncomeLoss,us-gaap/2025,20251231,4,USD,,,19027000.0
0001437749-26-008215,NetIncomeLoss,us-gaap/2025,20251231,4,USD,,,28198000.0
0001390777-26-000033,Liabilities,us-gaap/2025,20251231,0,USD,,,427492000000.0
0001437749-26-008446,Assets,us-gaap/2025,20251231,0,USD,,,2833048000.0
0001437749-26-008446,StockholdersEquity,us-gaap/2025,20251231,0,USD,,,301073000.0
0001437749-26-006157,StockholdersEquity,us-gaap/2025,20251231,0,USD,,,2925388000.0
0001437749-26-008852,Assets,us-gaap/2025,20251231,0,USD,,,2569643000.0
0001437749-26-008852,Liabilities,us-gaap/2025,20251231,0,USD,,,2288664000.0
0001437749-26-006820,Assets,us-gaap/2025,20251231,0,USD,,,5230084000.0
0001437749-26-006820,EarningsPerShareBasic,us-gaap/2025,20251231,4,USD,,,0.69
0001437749-26-009748,EarningsPerShareBasic,us-gaap/2025,20251231,4,USD,,,1.97
0001437749-26-009757,InterestAndDividendIncomeOperating,us-gaap/2025,20251231,4,USD,,,87922000.0
0001437749-26-009757,Liabilities,us-gaap/2025,20251231,0,USD,,,1815141000.0
0001437749-26-007180,InterestAndDividendIncomeOperating,us-gaap/2025,20251231,4,USD,,,142535000.0
0001437749-26-007180,StockholdersEquity,us-gaap/2025,20251231,0,USD,,,500547000.0
0001437749-26-010240,Assets,us-gaap/2025,20251231,0,USD,,,1261457000.0
0001437749-26-008073,InterestAndDividendIncomeOperating,us-gaap/2025,20251231,4,USD,,,131588000.0
0001437749-26-008073,NetIncomeLoss,us-gaap/2025,20251231,4,USD,,,15613000.0
0001437958-26-000013,Assets,us-gaap/2025,20251231,0,USD,,,4741437000.0
0001437749-26-008852,StockholdersEquity,us-gaap/2025,20251231,0,USD,,,280979000.0
0001437749-26-009154,EarningsPerShareBasic,us-gaap/2025,20251231,4,USD,,,2.84
0001437749-26-009181,InterestAndDividendIncomeOperating,us-gaap/2025,20251231,4,USD,,,78652000.0
0001449794-26-000003,Assets,us-gaap/2025,20251231,0,USD,,,1800579000.0
0001449794-26-000003,StockholdersEquity,us-gaap/2025,20251231,0,USD,,,127575000.0
0001437749-26-009748,StockholdersEquity,us-gaap/2025,20251231,0,USD,,,186196000.0
0001437749-26-009757,NetIncomeLoss,us-gaap/2025,20251231,4,USD,,,23913000.0
0001419536-26-000073,Assets,us-gaap/2025,20251231,0,USD,,,3606207000.0
0001423869-26-000006,Assets,us-gaap/2025,20251231,0,USD,,,3281771000.0
0001462120-26-000020,Liabilities,us-gaap/2025,20251231,0,USD,,,13880672000.0
0001423869-26-000006,EarningsPerShareBasic,us-gaap/2025,20251231,4,USD,,,2.59
0001462120-26-000020,StockholdersEquity,us-gaap/2025,20251231,0,USD,,,1249868000.0
0001493152-26-008143,Assets,us-gaap/2025,20251231,0,USD,,,1111678000.0
0001493152-26-008143,NetIncomeLoss,us-gaap/2025,20251231,4,USD,,,16648000.0
0001437749-26-010240,InterestAndDividendIncomeOperating,us-gaap/2025,20251231,4,USD,,,47001000.0
0001437958-26-000013,InterestAndDividendIncomeOperating,us-gaap/2025,20251231,4,USD,,,429617000.0
0001449794-26-000003,EarningsPerShareBasic,us-gaap/2025,20251231,4,USD,,,1.79
0001449794-26-000003,InterestAndDividendIncomeOperating,us-gaap/2025,20251231,4,USD,,,71462000.0
0001449794-26-000003,Liabilities,us-gaap/2025,20251231,0,USD,,,1673004000.0
0001466026-26-000020,EarningsPerShareBasic,us-gaap/2025,20251231,4,USD,,,-6.12
0001437749-26-005830,Assets,us-gaap/2025,20251231,0,USD,,,9536124000.0
0001437749-26-005830,InterestAndDividendIncomeOperating,us-gaap/2025,20251231,4,USD,,,467589000.0
0001437749-26-005830,StockholdersEquity,us-gaap/2025,20251231,0,USD,,,1075697000.0
0001473844-26-000006,EarningsPerShareBasic,us-gaap/2025,20251231,4,USD,,,1.99
0001437749-26-005997,NetIncomeLoss,us-gaap/2025,20251231,4,USD,,,88753000.0
0001437749-26-006157,Assets,us-gaap/2025,20251231,0,USD,,,24229575000.0
0001437749-26-006157,EarningsPerShareBasic,us-gaap/2025,20251231,4,USD,,,4.55
0001437749-26-007084,InterestAndDividendIncomeOperating,us-gaap/2025,20251231,4,USD,,,233792000.0
0001488813-26-000029,Assets,us-gaap/2025,20251231,0,USD,,,24895868000.0
0001488813-26-000029,StockholdersEquity,us-gaap/2025,20251231,0,USD,,,2115517000.0
0001437749-26-007387,Assets,us-gaap/2025,20251231,0,USD,,,4208294000.0
0001437749-26-007387,EarningsPerShareBasic,us-gaap/2025,20251231,4,USD,,,1.83
0001493152-26-009243,InterestAndDividendIncomeOperating,us-gaap/2025,20251231,4,USD,,,82028000.0
0001493152-26-009243,NetIncomeLoss,us-gaap/2025,20251231,4,USD,,,13663000.0
0001437749-26-007748,NetIncomeLoss,us-gaap/2025,20251231,4,USD,,,37775000.0
0001437749-26-007748,StockholdersEquity,us-gaap/2025,20251231,0,USD,,,324518000.0
0001437749-26-007758,EarningsPerShareBasic,us-gaap/2025,20251231,4,USD,,,1.63
0001437749-26-007976,EarningsPerShareBasic,us-gaap/2025,20251231,4,USD,,,2.14
0001437749-26-008215,InterestAndDividendIncomeOperating,us-gaap/2025,20251231,4,USD,,,119839000.0
0001437749-26-008215,Liabilities,us-gaap/2025,20251231,0,USD,,,2509198000.0
0001437749-26-008852,InterestAndDividendIncomeOperating,us-gaap/2025,20251231,4,USD,,,145750000.0
0001488813-26-000029,InterestAndDividendIncomeOperating,us-gaap/2025,20251231,4,USD,,,1359587000.0
0001437749-26-009154,NetIncomeLoss,us-gaap/2025,20251231,4,USD,,,15842000.0
0001437749-26-010240,NetIncomeLoss,us-gaap/2025,20251231,4,USD,,,22888000.0
0001193125-26-071549,Liabilities,us-gaap/2025,20251231,0,USD,,,13529159000.0
0001449794-26-000003,NetIncomeLoss,us-gaap/2025,20251231,4,USD,,,13697000.0
0001466026-26-000020,Assets,us-gaap/2025,20251231,0,USD,,,6513420000.0
0001466026-26-000020,NetIncomeLoss,us-gaap/2025,20251231,4,USD,,,-124281000.0
0001466026-26-000020,StockholdersEquity,us-gaap/2025,20251231,0,USD,,,565499000.0
0001471265-26-000008,NetIncomeLoss,us-gaap/2025,20251231,4,USD,,,126013000.0
0001471265-26-000008,StockholdersEquity,us-gaap/2025,20251231,0,USD,,,1890424000.0
0001213900-26-024471,EarningsPerShareBasic,us-gaap/2025,20251231,4,USD,,,2.19
0001518715-26-000026,StockholdersEquity,us-gaap/2025,20251231,0,USD,,,2862375000.0
0001213900-26-033659,InterestAndDividendIncomeOperating,us-gaap/2025,20251231,4,USD,,,121604088.0
0001539638-26-000007,Liabilities,us-gaap/2025,20251231,0,USD,,,5438817000.0
0001493152-26-008143,StockholdersEquity,us-gaap/2025,20251231,0,USD,,,121897000.0
0001505732-26-000046,InterestAndDividendIncomeOperating,us-gaap/2025,20251231,4,USD,,,198327000.0
0001193125-26-075954,InterestAndDividendIncomeOperating,us-gaap/2025,20251231,4,USD,,,760254000.0
0001193125-26-076496,EarningsPerShareBasic,us-gaap/2025,20251231,4,USD,,,9.35
0001493152-26-008143,EarningsPerShareBasic,us-gaap/2025,20251231,4,USD,,,1.42
0001493152-26-008143,Liabilities,us-gaap/2025,20251231,0,USD,,,989781000.0
0001518715-26-000026,NetIncomeLoss,us-gaap/2025,20251231,4,USD,,,265739000.0
0001552781-26-000126,Assets,us-gaap/2025,20251231,0,USD,,,2057732000.0
0001493152-26-009243,Liabilities,us-gaap/2025,20251231,0,USD,,,1437950000.0
0001562762-26-000027,Liabilities,us-gaap/2025,20251231,0,USD,,,2574357000.0
0001562762-26-000027,StockholdersEquity,us-gaap/2025,20251231,0,USD,,,217183000.0
0001552781-26-000126,Liabilities,us-gaap/2025,20251231,0,USD,,,1890175000.0
0001552781-26-000126,NetIncomeLoss,us-gaap/2025,20251231,4,USD,,,19205000.0
0001275101-26-000010,EarningsPerShareBasic,us-gaap/2025,20251231,4,USD,,,1.99
0001562762-26-000027,EarningsPerShareBasic,us-gaap/2025,20251231,4,USD,,,1.34
0001193125-26-080847,StockholdersEquity,us-gaap/2025,20251231,0,USD,,,958692000.0
0001193125-26-081470,EarningsPerShareBasic,us-gaap/2025,20251231,4,USD,,,3.28
0001193125-26-081470,NetIncomeLoss,us-gaap/2025,20251231,4,USD,,,464603000.0
0001193125-26-081470,StockholdersEquity,us-gaap/2025,20251231,0,USD,,,5495983000.0
0001493152-26-009243,Assets,us-gaap/2025,20251231,0,USD,,,1595721000.0
0001493152-26-009243,StockholdersEquity,us-gaap/2025,20251231,0,USD,,,157771000.0
0001193125-26-082893,NetIncomeLoss,us-gaap/2025,20251231,4,USD,,,75699000.0
0001193125-26-083221,Liabilities,us-gaap/2025,20251231,0,USD,,,13335830000.0
0001516912-26-000011,StockholdersEquity,us-gaap/2025,20251231,0,USD,,,1246685000.0
0001518715-26-000026,Assets,us-gaap/2025,20251231,0,USD,,,22351475000.0
0001295401-26-000002,Assets,us-gaap/2025,20251231,0,USD,,,9352425000.0
0001505732-26-000046,Assets,us-gaap/2025,20251231,0,USD,,,3359859000.0
0001505732-26-000046,EarningsPerShareBasic,us-gaap/2025,20251231,4,USD,,,4.49
0001624322-26-000018,EarningsPerShareBasic,us-gaap/2025,20251231,4,USD,,,2.81
0001628280-26-008131,EarningsPerShareBasic,us-gaap/2025,20251231,4,USD,,,20.05
0001518715-26-000026,InterestAndDividendIncomeOperating,us-gaap/2025,20251231,4,USD,,,811764000.0
0001193125-26-085756,StockholdersEquity,us-gaap/2024,20251231,0,USD,,,6249079000.0
0001331520-26-000051,Assets,us-gaap/2025,20251231,0,USD,,,22881879000.0
0001331520-26-000051,StockholdersEquity,us-gaap/2025,20251231,0,USD,,,4296871000.0
0001336706-26-000020,EarningsPerShareBasic,us-gaap/2025,20251231,4,USD,,,2.14
0001539638-26-000007,Assets,us-gaap/2025,20251231,0,USD,,,6380588000.0
0001628280-26-010546,StockholdersEquity,us-gaap/2025,20251231,0,USD,,,20381000000.0
0001562762-26-000027,InterestAndDividendIncomeOperating,us-gaap/2025,20251231,4,USD,,,145487000.0
0001562762-26-000027,NetIncomeLoss,us-gaap/2025,20251231,4,USD,,,26100000.0
0001403475-26-000018,NetIncomeLoss,us-gaap/2025,20251231,4,USD,,,-35675000.0
0001628280-26-010336,InterestAndDividendIncomeOperating,us-gaap/2025,20251231,4,USD,,,4692900000.0
0001193125-26-093397,Assets,us-gaap/2025,20251231,0,USD,,,1196345000.0
0001628280-26-010546,InterestIncomeOperating,us-gaap/2025,20251231,4,USD,,,624000000.0
0001628280-26-010546,Liabilities,us-gaap/2025,20251231,0,USD,,,164000000000.0
0001505732-26-000046,Liabilities,us-gaap/2025,20251231,0,USD,,,3058370000.0
0001419536-26-000073,StockholdersEquity,us-gaap/2025,20251231,0,USD,,,401757000.0
0001516912-26-000011,Assets,us-gaap/2025,20251231,0,USD,,,9724722000.0
0001516912-26-000011,InterestAndDividendIncomeOperating,us-gaap/2025,20251231,4,USD,,,537963000.0
0001518715-26-000026,EarningsPerShareBasic,us-gaap/2025,20251231,4,USD,,,1.27
0001628280-26-012787,EarningsPerShareBasic,us-gaap/2025,20251231,4,USD,,,1.59
0001628280-26-012825,Assets,us-gaap/2025,20251231,0,USD,,,3154981000.0
0001628280-26-012825,Liabilities,us-gaap/2025,20251231,0,USD,,,2889421000.0
0001628280-26-011618,Assets,us-gaap/2025,20251231,0,USD,,,24540877000.0
0001628280-26-011618,StockholdersEquity,us-gaap/2025,20251231,0,USD,,,3419240000.0
0001628280-26-012946,StockholdersEquity,us-gaap/2025,20251231,0,USD,,,3541277000.0
0001605301-26-000009,Assets,us-gaap/2025,20251231,0,USD,,,1547693000.0
0001539638-26-000007,EarningsPerShareBasic,us-gaap/2025,20251231,4,USD,,,0.94
0001539638-26-000007,NetIncomeLoss,us-gaap/2025,20251231,4,USD,,,25359000.0
0001193125-26-096665,Liabilities,us-gaap/2025,20251231,0,USD,,,5641118000.0
0001437749-26-005320,InterestAndDividendIncomeOperating,us-gaap/2025,20251231,4,USD,,,644868000.0
0001624322-26-000018,Liabilities,us-gaap/2025,20251231,0,USD,,,7317857000.0
0001624322-26-000018,NetIncomeLoss,us-gaap/2025,20251231,4,USD,,,87861000.0
0001437749-26-005830,Liabilities,us-gaap/2025,20251231,0,USD,,,8460427000.0
0001193125-26-098059,InterestIncomeOperating,us-gaap/2025,20251231,4,USD,,,432617000.0
0001193125-26-098059,Liabilities,us-gaap/2025,20251231,0,USD,,,7226430000.0
0001628280-26-012724,Assets,us-gaap/2025,20251231,0,USD,,,4754861000.0
0001628280-26-012724,StockholdersEquity,us-gaap/2025,20251231,0,USD,,,445832000.0
0001552781-26-000126,EarningsPerShareBasic,us-gaap/2025,20251231,4,USD,,,2.51
0001552781-26-000126,InterestAndDividendIncomeOperating,us-gaap/2025,20251231,4,USD,,,97054000.0
0001193125-26-099933,InterestAndDividendIncomeOperating,us-gaap/2025,20251231,4,USD,,,197611000.0
0001437749-26-006820,Liabilities,us-gaap/2025,20251231,0,USD,,,4665150000.0
0001437749-26-007084,EarningsPerShareBasic,us-gaap/2025,20251231,4,USD,,,1.46
0001437749-26-007084,Liabilities,us-gaap/2025,20251231,0,USD,,,4760145000.0
0001628280-26-016050,InterestAndDividendIncomeOperating,us-gaap/2025,20251231,4,USD,,,256999000.0
0001437749-26-007180,Assets,us-gaap/2025,20251231,0,USD,,,3259643000.0
0001437749-26-007180,EarningsPerShareBasic,us-gaap/2025,20251231,4,USD,,,2.66
0001437749-26-007330,EarningsPerShareBasic,us-gaap/2025,20251231,4,USD,,,1.9
0001437749-26-007748,Assets,us-gaap/2025,20251231,0,USD,,,2249436000.0
0001628280-26-017229,StockholdersEquity,us-gaap/2025,20251231,0,USD,,,419974000.0
0001437749-26-008073,Liabilities,us-gaap/2025,20251231,0,USD,,,1994078000.0
0001437749-26-008215,StockholdersEquity,us-gaap/2025,20251231,0,USD,,,238860000.0
0001437749-26-008446,InterestAndDividendIncomeOperating,us-gaap/2025,20251231,4,USD,,,144016000.0
0001628280-26-008131,StockholdersEquity,us-gaap/2025,20251231,0,USD,,,362438000000.0
0001628280-26-016050,Liabilities,us-gaap/2025,20251231,0,USD,,,5056131000.0
0001628280-26-017546,InterestAndDividendIncomeOperating,us-gaap/2025,20251231,4,USD,,,132835000.0
0001437749-26-009154,Assets,us-gaap/2025,20251231,0,USD,,,1293303000.0
0001437749-26-009154,InterestAndDividendIncomeOperating,us-gaap/2025,20251231,4,USD,,,65749000.0
0001437749-26-009181,NetIncomeLoss,us-gaap/2025,20251231,4,USD,,,13673000.0
0001628280-26-016895,EarningsPerShareBasic,us-gaap/2025,20251231,4,USD,,,2.01
0001628280-26-016895,StockholdersEquity,us-gaap/2025,20251231,0,USD,,,409588000.0
0001193125-26-103635,Assets,us-gaap/2025,20251231,0,USD,,,1154785000.0
0001437749-26-009748,NetIncomeLoss,us-gaap/2025,20251231,4,USD,,,17703000.0
0001437749-26-009757,Assets,us-gaap/2025,20251231,0,USD,,,2023116000.0
0001628280-26-017278,EarningsPerShareBasic,us-gaap/2025,20251231,4,USD,,,4.21
0001628280-26-020177,NetIncomeLoss,us-gaap/2025,20251231,4,USD,,,20237000.0
0001628280-26-020177,StockholdersEquity,us-gaap/2025,20251231,0,USD,,,169219000.0
0001437749-26-010240,StockholdersEquity,us-gaap/2025,20251231,0,USD,,,118399000.0
0001193125-26-104114,InterestAndDividendIncomeOperating,us-gaap/2025,20251231,4,USD,,,127713000.0
0001628280-26-017546,EarningsPerShareBasic,us-gaap/2025,20251231,4,USD,,,3.14
0001437958-26-000013,StockholdersEquity,us-gaap/2025,20251231,0,USD,,,490959000.0
0001628280-26-010336,Liabilities,us-gaap/2025,20251231,0,USD,,,84828000000.0
0001462120-26-000020,Assets,us-gaap/2025,20251231,0,USD,,,15134778000.0
0001462120-26-000020,EarningsPerShareBasic,us-gaap/2025,20251231,4,USD,,,2.25
0001462120-26-000020,InterestAndDividendIncomeOperating,us-gaap/2025,20251231,4,USD,,,908472000.0
0001466026-26-000020,InterestIncomeOperating,us-gaap/2025,20251231,4,USD,,,387867000.0
0001466026-26-000020,Liabilities,us-gaap/2025,20251231,0,USD,,,5947921000.0
0001624322-26-000018,InterestAndDividendIncomeOperating,us-gaap/2025,20251231,4,USD,,,465011000.0
0001628280-26-010546,Assets,us-gaap/2025,20251231,0,USD,,,184381000000.0
0001471265-26-000008,Assets,us-gaap/2025,20251231,0,USD,,,16766617000.0
0001628280-26-020414,NetIncomeLoss,us-gaap/2025,20251231,4,USD,,,11576767.0
0001628280-26-022508,StockholdersEquity,us-gaap/2025,20251231,0,USD,,,94680000.0
0001628280-26-011618,NetIncomeLoss,us-gaap/2025,20251231,4,USD,,,-397553000.0
0001193125-26-106151,StockholdersEquity,us-gaap/2025,20251231,0,USD,,,270712000.0
0001193125-26-107482,EarningsPerShareBasic,us-gaap/2025,20251231,4,USD,,,3.79
0001193125-26-108381,StockholdersEquity,us-gaap/2025,20251231,0,USD,,,126280000.0
0001649739-26-000014,StockholdersEquity,us-gaap/2025,20251231,0,USD,,,87569000.0
0001628280-26-008131,NetIncomeLoss,us-gaap/2025,20251231,4,USD,,,57048000000.0
0001654954-26-002870,StockholdersEquity,us-gaap/2025,20251231,0,USD,,,113686978.0
0001654954-26-002891,NetIncomeLoss,us-gaap/2025,20251231,4,USD,,,11229000.0
0001649739-26-000014,NetIncomeLoss,us-gaap/2025,20251231,4,USD,,,-22937000.0
0001649749-26-000012,InterestAndDividendIncomeOperating,us-gaap/2025,20251231,4,USD,,,833926000.0
0001628280-26-012724,EarningsPerShareBasic,us-gaap/2025,20251231,4,USD,,,2.9
0001628280-26-012724,InterestAndDividendIncomeOperating,us-gaap/2025,20251231,4,USD,,,248933000.0
0001628280-26-012787,Liabilities,us-gaap/2025,20251231,0,USD,,,17786544000.0
0001628280-26-012787,NetIncomeLoss,us-gaap/2025,20251231,4,USD,,,144878000.0
0001628280-26-012825,NetIncomeLoss,us-gaap/2025,20251231,4,USD,,,13188000.0
0001628280-26-012946,InterestAndDividendIncomeOperating,us-gaap/2025,20251231,4,USD,,,1676653000.0
0001628280-26-016050,Assets,us-gaap/2025,20251231,0,USD,,,5764697000.0
0001628280-26-011618,Liabilities,us-gaap/2025,20251231,0,USD,,,21121637000.0
0001628280-26-016895,NetIncomeLoss,us-gaap/2025,20251231,4,USD,,,38168000.0
0001675644-26-000017,EarningsPerShareBasic,us-gaap/2025,20251231,4,USD,,,1.22
0001675644-26-000017,StockholdersEquity,us-gaap/2025,20251231,0,USD,,,253600000.0
0001628280-26-016050,EarningsPerShareBasic,us-gaap/2025,20251231,4,USD,,,0.78
0001628280-26-016050,StockholdersEquity,us-gaap/2025,20251231,0,USD,,,708566000.0
0001709442-26-000017,StockholdersEquity,us-gaap/2025,20251231,0,USD,,,1153356000.0
0001628280-26-017546,StockholdersEquity,us-gaap/2025,20251231,0,USD,,,254709000.0
0001628280-26-016895,Liabilities,us-gaap/2025,20251231,0,USD,,,3280729000.0
0001722010-26-000002,InterestAndDividendIncomeOperating,us-gaap/2025,20251231,4,USD,,,150328000.0
0001722010-26-000002,Liabilities,us-gaap/2025,20251231,0,USD,,,2422333000.0
0001628280-26-017229,Liabilities,us-gaap/2025,20251231,0,USD,,,2808152000.0
0001628280-26-017229,NetIncomeLoss,us-gaap/2025,20251231,4,USD,,,37051000.0
0001628280-26-020177,Assets,us-gaap/2025,20251231,0,USD,,,1750399000.0
0001628280-26-020177,InterestAndDividendIncomeOperating,us-gaap/2025,20251231,4,USD,,,55843000.0
0001628280-26-017278,Assets,us-gaap/2025,20251231,0,USD,,,5542255000.0
0001628280-26-017278,Liabilities,us-gaap/2025,20251231,0,USD,,,4950720000.0
0001628280-26-012724,NetIncomeLoss,us-gaap/2025,20251231,4,USD,,,61606000.0
0001628280-26-012825,StockholdersEquity,us-gaap/2025,20251231,0,USD,,,265560000.0
0001628280-26-021067,NetIncomeLoss,us-gaap/2025,20251231,4,USD,,,390853000.0
0001628280-26-012946,Liabilities,us-gaap/2025,20251231,0,USD,,,31256165000.0
0001493152-26-009243,EarningsPerShareBasic,us-gaap/2025,20251231,4,USD,,,5.73
0001730984-26-000016,Assets,us-gaap/2024,20251231,0,USD,,,2593677000.0
0001730984-26-000016,EarningsPerShareBasic,us-gaap/2024,20251231,4,USD,,,2.18
0001730984-26-000016,NetIncomeLoss,us-gaap/2024,20251231,4,USD,,,23931000.0
0001628280-26-020414,Liabilities,us-gaap/2025,20251231,0,USD,,,1380009440.0
0001734342-26-000017,EarningsPerShareBasic,us-gaap/2025,20251231,4,USD,,,1.26
0001734342-26-000017,InterestAndDividendIncomeOperating,us-gaap/2025,20251231,4,USD,,,597428000.0
0001734342-26-000017,Liabilities,us-gaap/2025,20251231,0,USD,,,8838216000.0
0001734342-26-000017,NetIncomeLoss,us-gaap/2025,20251231,4,USD,,,52417000.0
0001734342-26-000017,StockholdersEquity,us-gaap/2025,20251231,0,USD,,,938802000.0
0001750735-26-000009,EarningsPerShareBasic,us-gaap/2025,20251231,4,USD,,,1.93
0001628280-26-016050,NetIncomeLoss,us-gaap/2025,20251231,4,USD,,,47830000.0
0001649739-26-000014,InterestIncomeOperating,us-gaap/2025,20251231,4,USD,,,85794000.0
0001649739-26-000014,Liabilities,us-gaap/2025,20251231,0,USD,,,1212689000.0
0001628280-26-017278,InterestAndDividendIncomeOperating,us-gaap/2025,20251231,4,USD,,,303734000.0
0001649749-26-000012,NetIncomeLoss,us-gaap/2025,20251231,4,USD,,,122622000.0
0001654954-26-002154,EarningsPerShareBasic,us-gaap/2025,20251231,4,USD,,,3.74
0001654954-26-002154,StockholdersEquity,us-gaap/2025,20251231,0,USD,,,157118000.0
0001654954-26-002870,InterestAndDividendIncomeOperating,us-gaap/2025,20251231,4,USD,,,60879859.0
0001654954-26-002870,Liabilities,us-gaap/2025,20251231,0,USD,,,1173871968.0
0001795815-26-000005,Assets,us-gaap/2025,20251231,0,USD,,,4033386000.0
0001649739-26-000014,EarningsPerShareBasic,us-gaap/2025,20251231,4,USD,,,-5.93
0001628280-26-020177,EarningsPerShareBasic,us-gaap/2025,20251231,4,USD,,,3.08
0001795815-26-000005,StockholdersEquity,us-gaap/2025,20251231,0,USD,,,576586000.0
0001649749-26-000012,StockholdersEquity,us-gaap/2025,20251231,0,USD,,,1948165000.0
0001628280-26-020414,EarningsPerShareBasic,us-gaap/2025,20251231,4,USD,,,1.2
0001628280-26-021067,Assets,us-gaap/2025,20251231,0,USD,,,20751978000.0
0001628280-26-021067,StockholdersEquity,us-gaap/2025,20251231,0,USD,,,3783977000.0
0001654954-26-002154,Assets,us-gaap/2025,20251231,0,USD,,,1702148000.0
0001654954-26-002870,Assets,us-gaap/2025,20251231,0,USD,,,1287558946.0
0001654954-26-002891,InterestAndDividendIncomeOperating,us-gaap/2025,20251231,4,USD,,,67750000.0
0001628280-26-022508,InterestIncomeOperating,us-gaap/2025,20251231,4,USD,,,2934000.0
0001795815-26-000005,EarningsPerShareBasic,us-gaap/2025,20251231,4,USD,,,1.95
0001516912-26-000011,EarningsPerShareBasic,us-gaap/2025,20251231,4,USD,,,2.42
0001193125-26-132075,Assets,us-gaap/2025,20251231,0,USD,,,1426636000.0
0001649749-26-000012,Liabilities,us-gaap/2025,20251231,0,USD,,,14352034000.0
0001709442-26-000017,NetIncomeLoss,us-gaap/2025,20251231,4,USD,,,97936000.0
0001654954-26-002154,Liabilities,us-gaap/2025,20251231,0,USD,,,1545030000.0
0001654954-26-002891,Assets,us-gaap/2025,20251231,0,USD,,,1373757000.0
0001730984-26-000016,Liabilities,us-gaap/2024,20251231,0,USD,,,2255123000.0
0001829576-26-000018,Assets,us-gaap/2025,20251231,0,USD,,,4851922000.0
0001206774-26-000084,Assets,us-gaap/2025,20251231,0,USD,,,4403494000.0
0001823608-26-000048,EarningsPerShareBasic,us-gaap/2025,20251231,4,USD,,,3.44
0001856365-26-000006,Assets,us-gaap/2025,20251231,0,USD,,,977135000.0
0001747068-26-000010,StockholdersEquity,us-gaap/2025,20251231,0,USD,,,544184000.0
0001605301-26-000009,Liabilities,us-gaap/2025,20251231,0,USD,,,1390156000.0
0001605301-26-000009,StockholdersEquity,us-gaap/2025,20251231,0,USD,,,157537000.0
0001722010-26-000002,NetIncomeLoss,us-gaap/2025,20251231,4,USD,,,25635000.0
0001856365-26-000006,InterestAndDividendIncomeOperating,us-gaap/2025,20251231,4,USD,,,92478000.0
0001734342-26-000017,Assets,us-gaap/2025,20251231,0,USD,,,9777018000.0
0001747068-26-000010,EarningsPerShareBasic,us-gaap/2025,20251231,4,USD,,,2.66
0001795815-26-000005,InterestAndDividendIncomeOperating,us-gaap/2025,20251231,4,USD,,,225980000.0
0001750735-26-000009,Assets,us-gaap/2025,20251231,0,USD,,,2561995000.0
0001903596-26-000116,Assets,us-gaap/2025,20251231,0,USD,,,909700000.0
0001213900-26-024471,Assets,us-gaap/2025,20251231,0,USD,,,1545367000.0
0001747068-26-000010,Liabilities,us-gaap/2025,20251231,0,USD,,,4224216000.0
0001795815-26-000005,NetIncomeLoss,us-gaap/2025,20251231,4,USD,,,63058000.0
0001823608-26-000048,Assets,us-gaap/2025,20251231,0,USD,,,8869836000.0
0001903596-26-000116,StockholdersEquity,us-gaap/2025,20251231,0,USD,,,82855000.0
0001628280-26-010546,InterestAndDividendIncomeOperating,us-gaap/2025,20251231,4,USD,,,8386000000.0
0001628280-26-010546,NetIncomeLoss,us-gaap/2025,20251231,4,USD,,,1829000000.0
0001829576-26-000018,Liabilities,us-gaap/2025,20251231,0,USD,,,4432225000.0
0001856365-26-000006,StockholdersEquity,us-gaap/2025,20251231,0,USD,,,193195000.0
0001281761-26-000019,NetIncomeLoss,us-gaap/2025,20251231,4,USD,,,2156000000.0
0001823608-26-000048,InterestAndDividendIncomeOperating,us-gaap/2025,20251231,4,USD,,,422229000.0
0001823608-26-000048,NetIncomeLoss,us-gaap/2025,20251231,4,USD,,,104447000.0
0001964333-26-000016,InterestIncomeOperating,us-gaap/2025,20251231,4,USD,,,444993000.0
0001628280-26-012787,InterestAndDividendIncomeOperating,us-gaap/2025,20251231,4,USD,,,836374000.0
0001628280-26-012787,StockholdersEquity,us-gaap/2025,20251231,0,USD,,,2712662000.0
0002082866-26-000018,Liabilities,us-gaap/2025,20251231,0,USD,,,50662338000.0
0001628280-26-012946,Assets,us-gaap/2025,20251231,0,USD,,,34797442000.0
0001829576-26-000018,EarningsPerShareBasic,us-gaap/2025,20251231,4,USD,,,1.38
0001829576-26-000018,NetIncomeLoss,us-gaap/2025,20251231,4,USD,,,31362000.0
0001903596-26-000116,Liabilities,us-gaap/2025,20251231,0,USD,,,826845000.0
0001628280-26-017229,Assets,us-gaap/2025,20251231,0,USD,,,3228126000.0
0001856365-26-000006,EarningsPerShareBasic,us-gaap/2025,20251231,4,USD,,,1.2
0001628280-26-020177,Liabilities,us-gaap/2025,20251231,0,USD,,,1581180000.0
0001628280-26-021067,Liabilities,us-gaap/2025,20251231,0,USD,,,16968001000.0
0001628280-26-022508,Assets,us-gaap/2025,20251231,0,USD,,,1087840000.0
0001628280-26-022508,InterestAndDividendIncomeOperating,us-gaap/2025,20251231,4,USD,,,47843000.0
0001628280-26-022508,NetIncomeLoss,us-gaap/2025,20251231,4,USD,,,-12710000.0
0001964333-26-000016,Assets,us-gaap/2025,20251231,0,USD,,,7920626000.0
0001903596-26-000116,NetIncomeLoss,us-gaap/2025,20251231,4,USD,,,10098000.0
0001649739-26-000014,Assets,us-gaap/2025,20251231,0,USD,,,1300258000.0
0001903596-26-000116,EarningsPerShareBasic,us-gaap/2025,20251231,4,USD,,,0.43
0001419536-26-000073,Liabilities,us-gaap/2025,20251231,0,USD,,,3204450000.0
0001423869-26-000006,Liabilities,us-gaap/2025,20251231,0,USD,,,2891745000.0
0001423869-26-000006,NetIncomeLoss,us-gaap/2025,20251231,4,USD,,,37453000.0
0001423869-26-000006,StockholdersEquity,us-gaap/2025,20251231,0,USD,,,390026000.0
0001654954-26-002154,NetIncomeLoss,us-gaap/2025,20251231,4,USD,,,19830000.0
0001654954-26-002870,NetIncomeLoss,us-gaap/2025,20251231,4,USD,,,16967981.0
0001654954-26-002891,Liabilities,us-gaap/2025,20251231,0,USD,,,1268969000.0
0001437749-26-005320,Assets,us-gaap/2025,20251231,0,USD,,,14002700000.0
0001437749-26-005320,EarningsPerShareBasic,us-gaap/2025,20251231,4,USD,,,1.64
0001437749-26-005320,NetIncomeLoss,us-gaap/2025,20251231,4,USD,,,80443000.0
0001675644-26-000017,Assets,us-gaap/2025,20251231,0,USD,,,2292256000.0
0001675644-26-000017,Liabilities,us-gaap/2025,20251231,0,USD,,,2038656000.0
0001675644-26-000017,NetIncomeLoss,us-gaap/2025,20251231,4,USD,,,22057000.0
0001437749-26-007180,NetIncomeLoss,us-gaap/2025,20251231,4,USD,,,48794000.0
0001437749-26-007330,InterestAndDividendIncomeOperating,us-gaap/2025,20251231,4,USD,,,108411000.0
0001437749-26-007387,Liabilities,us-gaap/2025,20251231,0,USD,,,3684884000.0
0001964333-26-000016,StockholdersEquity,us-gaap/2025,20251231,0,USD,,,854649000.0
0001437749-26-007976,StockholdersEquity,us-gaap/2025,20251231,0,USD,,,207894000.0
0001437749-26-008073,Assets,us-gaap/2025,20251231,0,USD,,,2212669000.0
0001437749-26-008073,StockholdersEquity,us-gaap/2025,20251231,0,USD,,,218591000.0
0001437749-26-008852,NetIncomeLoss,us-gaap/2025,20251231,4,USD,,,-19553000.0
0001437749-26-009154,Liabilities,us-gaap/2025,20251231,0,USD,,,1185639000.0
0001437749-26-009181,Assets,us-gaap/2025,20251231,0,USD,,,1618084000.0
0001437749-26-009748,Liabilities,us-gaap/2025,20251231,0,USD,,,1851782000.0
0001730984-26-000016,InterestAndDividendIncomeOperating,us-gaap/2024,20251231,4,USD,,,135389000.0
0002082866-26-000018,InterestAndDividendIncomeOperating,us-gaap/2025,20251231,4,USD,,,2795632000.0
0001471265-26-000008,EarningsPerShareBasic,us-gaap/2025,20251231,4,USD,,,0.93
0001471265-26-000008,InterestAndDividendIncomeOperating,us-gaap/2025,20251231,4,USD,,,749668000.0
0001471265-26-000008,Liabilities,us-gaap/2025,20251231,0,USD,,,14876193000.0
0001473844-26-000006,Assets,us-gaap/2025,20251231,0,USD,,,10806594000.0
0001473844-26-000006,Liabilities,us-gaap/2025,20251231,0,USD,,,9137940000.0
0001473844-26-000006,NetIncomeLoss,us-gaap/2025,20251231,4,USD,,,102872000.0
0001747068-26-000010,InterestIncomeOperating,us-gaap/2025,20251231,4,USD,,,220828000.0
0001750735-26-000009,InterestAndDividendIncomeOperating,us-gaap/2025,20251231,4,USD,,,166314000.0
0001750735-26-000009,StockholdersEquity,us-gaap/2025,20251231,0,USD,,,199716000.0
0000318300-26-000099,Assets,us-gaap/2025,20251231,0,USD,,,9649630000.0
0000351569-26-000050,EarningsPerShareBasic,us-gaap/2025,20251231,4,USD,,,6.02
0000351569-26-000050,InterestAndDividendIncomeOperating,us-gaap/2025,20251231,4,USD,,,1394525000.0
0000351569-26-000050,StockholdersEquity,us-gaap/2025,20251231,0,USD,,,4076028000.0
0000700564-26-000006,Assets,us-gaap/2025,20251231,0,USD,,,32118400000.0
0000700564-26-000006,StockholdersEquity,us-gaap/2025,20251231,0,USD,,,3490447000.0
0000705432-26-000034,InterestAndDividendIncomeOperating,us-gaap/2025,20251231,4,USD,,,403074000.0
0000706129-26-000024,InterestAndDividendIncomeOperating,us-gaap/2025,20251231,4,USD,,,362777000.0
0000706129-26-000024,StockholdersEquity,us-gaap/2025,20251231,0,USD,,,688251000.0
0000708955-26-000028,Assets,us-gaap/2025,20251231,0,USD,,,21129379000.0
0000708955-26-000028,EarningsPerShareBasic,us-gaap/2025,20251231,4,USD,,,2.68
0000711669-26-000007,InterestAndDividendIncomeOperating,us-gaap/2025,20251231,4,USD,,,149952000.0
0000711669-26-000007,InterestIncomeOperating,us-gaap/2025,20251231,4,USD,,,19436000.0
0000712534-26-000022,InterestAndDividendIncomeOperating,us-gaap/2025,20251231,4,USD,,,924792000.0
0000712534-26-000022,NetIncomeLoss,us-gaap/2025,20251231,4,USD,,,226001000.0
0000712537-26-000013,NetIncomeLoss,us-gaap/2025,20251231,4,USD,,,152302000.0
0000713676-26-000020,Assets,us-gaap/2025,20251231,0,USD,,,573572000000.0
0001829576-26-000018,InterestAndDividendIncomeOperating,us-gaap/2025,20251231,4,USD,,,232222000.0
0000714310-26-000017,Assets,us-gaap/2025,20251231,0,USD,,,64132725000.0
0000714310-26-000017,Liabilities,us-gaap/2025,20251231,0,USD,,,56325027000.0
0000714395-26-000011,InterestAndDividendIncomeOperating,us-gaap/2025,20251231,4,USD,,,420089000.0
0000714395-26-000011,Liabilities,us-gaap/2025,20251231,0,USD,,,7226455000.0
0000715072-26-000017,EarningsPerShareBasic,us-gaap/2025,20251231,4,USD,,,2.09
0000726601-26-000007,StockholdersEquity,us-gaap/2024,20251231,0,USD,,,552851000.0
0000726854-26-000062,StockholdersEquity,us-gaap/2025,20251231,0,USD,,,809680000.0
0000732417-26-000022,InterestIncomeOperating,us-gaap/2025,20251231,4,USD,,,233774000.0
0000736772-26-000031,InterestAndDividendIncomeOperating,us-gaap/2025,20251231,4,USD,,,392345000.0
0000737875-26-000009,Liabilities,us-gaap/2025,20251231,0,USD,,,1417917000.0
0000737875-26-000009,NetIncomeLoss,us-gaap/2025,20251231,4,USD,,,6152000.0
0000750686-26-000010,InterestAndDividendIncomeOperating,us-gaap/2025,20251231,4,USD,,,320655000.0
0000759944-26-000028,EarningsPerShareBasic,us-gaap/2025,20251231,4,USD,,,3.9
0000765207-26-000067,StockholdersEquity,us-gaap/2025,20251231,0,USD,,,283143000.0
0000775215-26-000025,Assets,us-gaap/2025,20251231,0,USD,,,5071390000.0
0000776901-26-000058,Liabilities,us-gaap/2025,20251231,0,USD,,,21347168000.0
0001505732-26-000046,NetIncomeLoss,us-gaap/2025,20251231,4,USD,,,35198000.0
0001505732-26-000046,StockholdersEquity,us-gaap/2025,20251231,0,USD,,,301489000.0
0001516912-26-000011,NetIncomeLoss,us-gaap/2025,20251231,4,USD,,,75197000.0
0000798941-26-000015,EarningsPerShareBasic,us-gaap/2025,20251231,4,USD,,,165.24
0000798941-26-000015,Liabilities,us-gaap/2025,20251231,0,USD,,,207460000000.0
0000798941-26-000015,NetIncomeLoss,us-gaap/2025,20251231,4,USD,,,2206000000.0
0000805676-26-000017,Assets,us-gaap/2025,20251231,0,USD,,,9805013000.0
0000811589-26-000051,StockholdersEquity,us-gaap/2025,20251231,0,USD,,,1654168000.0
0001964333-26-000016,NetIncomeLoss,us-gaap/2025,20251231,4,USD,,,117306000.0
0001539638-26-000007,InterestAndDividendIncomeOperating,us-gaap/2025,20251231,4,USD,,,430467000.0
0001539638-26-000007,StockholdersEquity,us-gaap/2025,20251231,0,USD,,,941771000.0
0000828944-26-000006,Liabilities,us-gaap/2025,20251231,0,USD,,,18586001000.0
0002082866-26-000018,StockholdersEquity,us-gaap/2025,20251231,0,USD,,,7043715000.0
0000846617-26-000013,Liabilities,us-gaap/2025,20251231,0,USD,,,13865862000.0
0001605301-26-000009,EarningsPerShareBasic,us-gaap/2025,20251231,4,USD,,,0.97
0001605301-26-000009,InterestAndDividendIncomeOperating,us-gaap/2025,20251231,4,USD,,,75939000.0
0000868671-26-000023,NetIncomeLoss,us-gaap/2025,20251231,4,USD,,,239028000.0
0000868671-26-000023,StockholdersEquity,us-gaap/2025,20251231,0,USD,,,4213821000.0
0000879635-26-000026,StockholdersEquity,us-gaap/2025,20251231,0,USD,,,814058000.0
0000880641-26-000004,StockholdersEquity,us-gaap/2025,20251231,0,USD,,,188839000.0
0001624322-26-000018,Assets,us-gaap/2025,20251231,0,USD,,,8214740000.0
0001624322-26-000018,StockholdersEquity,us-gaap/2025,20251231,0,USD,,,896883000.0
0000887343-26-000088,Liabilities,us-gaap/2025,20251231,0,USD,,,58992000000.0
0000893847-26-000037,Assets,us-gaap/2025,20251231,0,USD,,,1894850000.0
0000893847-26-000037,EarningsPerShareBasic,us-gaap/2025,20251231,4,USD,,,3.44
0000913341-26-000010,Assets,us-gaap/2025,20251231,0,USD,,,2768494000.0
0000913341-26-000010,NetIncomeLoss,us-gaap/2025,20251231,4,USD,,,26835000.0
0000927628-26-000024,Assets,us-gaap/2025,20251231,0,USD,,,669009000000.0
0000927628-26-000024,EarningsPerShareBasic,us-gaap/2025,20251231,4,USD,,,4.03
0000927628-26-000024,Liabilities,us-gaap/2025,20251231,0,USD,,,555393000000.0
0000927628-26-000024,NetIncomeLoss,us-gaap/2025,20251231,4,USD,,,2453000000.0
0001628280-26-010336,EarningsPerShareBasic,us-gaap/2025,20251231,4,USD,,,8.79
0000946673-26-000009,NetIncomeLoss,us-gaap/2025,20251231,4,USD,,,195382000.0
0001004702-26-000015,Assets,us-gaap/2025,20251231,0,USD,,,14564317000.0
0001005817-26-000027,EarningsPerShareBasic,us-gaap/2025,20251231,4,USD,,,11.3
0001015328-26-000007,InterestAndDividendIncomeOperating,us-gaap/2025,20251231,4,USD,,,3728033000.0
0001015328-26-000007,NetIncomeLoss,us-gaap/2025,20251231,4,USD,,,823844000.0
0001025835-26-000058,Assets,us-gaap/2025,20251231,0,USD,,,17300884000.0
0001628280-26-012787,Assets,us-gaap/2025,20251231,0,USD,,,20842331000.0
0001628280-26-012825,EarningsPerShareBasic,us-gaap/2025,20251231,4,USD,,,1.36
0001628280-26-012825,InterestAndDividendIncomeOperating,us-gaap/2025,20251231,4,USD,,,159787000.0
0001628280-26-012946,EarningsPerShareBasic,us-gaap/2025,20251231,4,USD,,,1.18
0001628280-26-012946,NetIncomeLoss,us-gaap/2025,20251231,4,USD,,,228973000.0
0001050441-26-000021,Liabilities,us-gaap/2025,20251231,0,USD,,,9365920000.0
0001057706-26-000007,Assets,us-gaap/2025,20251231,0,USD,,,19132892000.0
0001628280-26-016503,NetIncomeLoss,us-gaap/2025,20251231,4,USD,,,60512000.0
0001628280-26-016895,InterestAndDividendIncomeOperating,us-gaap/2025,20251231,4,USD,,,185710000.0
0001069157-26-000009,NetIncomeLoss,us-gaap/2025,20251231,4,USD,,,1325188000.0
0001628280-26-017229,InterestAndDividendIncomeOperating,us-gaap/2025,20251231,4,USD,,,163212000.0
0001071236-26-000027,NetIncomeLoss,us-gaap/2025,20251231,4,USD,,,42764000.0
0001628280-26-017278,NetIncomeLoss,us-gaap/2025,20251231,4,USD,,,80855000.0
0001628280-26-017278,StockholdersEquity,us-gaap/2025,20251231,0,USD,,,591535000.0
0001628280-26-017546,Assets,us-gaap/2025,20251231,0,USD,,,2710235000.0
0001628280-26-020414,Assets,us-gaap/2025,20251231,0,USD,,,1525790540.0
0001628280-26-020414,InterestAndDividendIncomeOperating,us-gaap/2025,20251231,4,USD,,,85907554.0
0001628280-26-020414,StockholdersEquity,us-gaap/2025,20251231,0,USD,,,145781100.0
0001628280-26-021067,InterestAndDividendIncomeOperating,us-gaap/2025,20251231,4,USD,,,989948000.0
0001628280-26-022508,EarningsPerShareBasic,us-gaap/2025,20251231,4,USD,,,-0.17
0001628280-26-022508,Liabilities,us-gaap/2025,20251231,0,USD,,,993160000.0
0001104659-26-015264,Assets,us-gaap/2025,20251231,0,USD,,,15844994000.0
0001104659-26-015264,NetIncomeLoss,us-gaap/2025,20251231,4,USD,,,165591000.0
0001649749-26-000012,Assets,us-gaap/2025,20251231,0,USD,,,16300292000.0
0001104659-26-017884,Assets,us-gaap/2025,20251231,0,USD,,,67197412000.0
0001654954-26-002154,InterestAndDividendIncomeOperating,us-gaap/2025,20251231,4,USD,,,83618000.0
0001104659-26-019119,InterestAndDividendIncomeOperating,us-gaap/2025,20251231,4,USD,,,519774000.0
0001104659-26-020393,Liabilities,us-gaap/2024,20251231,0,USD,,,6005907000.0
0001104659-26-020439,InterestAndDividendIncomeOperating,us-gaap/2025,20251231,4,USD,,,886274000.0
0001104659-26-021531,EarningsPerShareBasic,us-gaap/2025,20251231,4,USD,,,7.54
0001104659-26-021544,EarningsPerShareBasic,us-gaap/2025,20251231,4,USD,,,2.21
0001104659-26-021651,EarningsPerShareBasic,us-gaap/2025,20251231,4,USD,,,3.98
0001104659-26-024523,NetIncomeLoss,us-gaap/2025,20251231,4,USD,,,131317000.0
0001709442-26-000017,EarningsPerShareBasic,us-gaap/2025,20251231,4,USD,,,3.52
0001709442-26-000017,Liabilities,us-gaap/2025,20251231,0,USD,,,7331806000.0
0001722010-26-000002,Assets,us-gaap/2025,20251231,0,USD,,,2650226000.0
0001730984-26-000016,StockholdersEquity,us-gaap/2024,20251231,0,USD,,,338554000.0
0001104659-26-027378,InterestAndDividendIncomeOperating,us-gaap/2025,20251231,4,USD,,,113257000.0
0001104659-26-027651,Assets,us-gaap/2025,20251231,0,USD,,,2383096000.0
0001104659-26-027651,EarningsPerShareBasic,us-gaap/2025,20251231,4,USD,,,1.01
0001104659-26-027651,InterestAndDividendIncomeOperating,us-gaap/2025,20251231,4,USD,,,130479000.0
0001104659-26-028106,NetIncomeLoss,us-gaap/2025,20251231,4,USD,,,59187000.0
0001104659-26-028308,Assets,us-gaap/2025,20251231,0,USD,,,2659377000.0
0001747068-26-000010,NetIncomeLoss,us-gaap/2025,20251231,4,USD,,,68532000.0
0001104659-26-028599,EarningsPerShareBasic,us-gaap/2025,20251231,4,USD,,,2.49
0001104659-26-028599,StockholdersEquity,us-gaap/2025,20251231,0,USD,,,422896000.0
0001750735-26-000009,Liabilities,us-gaap/2025,20251231,0,USD,,,2362279000.0
0001104659-26-030236,StockholdersEquity,us-gaap/2024,20251231,0,USD,,,100667000.0
0001104659-26-031270,InterestAndDividendIncomeOperating,us-gaap/2025,20251231,4,USD,,,71354000.0
0001104659-26-036813,StockholdersEquity,us-gaap/2025,20251231,0,USD,,,32751000.0
0001829576-26-000018,StockholdersEquity,us-gaap/2025,20251231,0,USD,,,419697000.0
0001140361-26-007058,InterestAndDividendIncomeOperating,us-gaap/2025,20251231,4,USD,,,345719000.0
0001140361-26-008087,NetIncomeLoss,us-gaap/2025,20251231,4,USD,,,58471000.0
0001140361-26-008087,StockholdersEquity,us-gaap/2025,20251231,0,USD,,,493837000.0
0001140361-26-009103,NetIncomeLoss,us-gaap/2025,20251231,4,USD,,,36572000.0
0001140361-26-009342,NetIncomeLoss,us-gaap/2025,20251231,4,USD,,,15601000.0
0001171843-26-001150,StockholdersEquity,us-gaap/2025,20251231,0,USD,,,1849847000.0
0001174850-26-000077,Liabilities,us-gaap/2025,20251231,0,USD,,,7927445000.0
0001174947-26-000410,Liabilities,us-gaap/2025,20251231,0,USD,,,2096673000.0
0001903596-26-000116,InterestAndDividendIncomeOperating,us-gaap/2025,20251231,4,USD,,,48587000.0
0001964333-26-000016,EarningsPerShareBasic,us-gaap/2025,20251231,4,USD,,,7.76
0001964333-26-000016,Liabilities,us-gaap/2025,20251231,0,USD,,,7065977000.0
0001193125-26-064009,Assets,us-gaap/2025,20251231,0,USD,,,18925211000.0
0001193125-26-064009,StockholdersEquity,us-gaap/2025,20251231,0,USD,,,2121677000.0
0001193125-26-071523,EarningsPerShareBasic,us-gaap/2025,20251231,4,USD,,,5.94
0001193125-26-071523,NetIncomeLoss,us-gaap/2025,20251231,4,USD,,,50319000.0
0001193125-26-071523,StockholdersEquity,us-gaap/2025,20251231,0,USD,,,371585000.0
0001193125-26-076496,InterestAndDividendIncomeOperating,us-gaap/2025,20251231,4,USD,,,3354280000.0
0001193125-26-076496,NetIncomeLoss,us-gaap/2025,20251231,4,USD,,,702398000.0
0001193125-26-077437,StockholdersEquity,us-gaap/2025,20251231,0,USD,,,7616140000.0
0001193125-26-077903,NetIncomeLoss,us-gaap/2025,20251231,4,USD,,,486073000.0
0001193125-26-081470,InterestAndDividendIncomeOperating,us-gaap/2025,20251231,4,USD,,,1685853000.0
0001193125-26-082425,StockholdersEquity,us-gaap/2025,20251231,0,USD,,,796386000.0
0001193125-26-082893,EarningsPerShareBasic,us-gaap/2025,20251231,4,USD,,,6.28
0001193125-26-083221,NetIncomeLoss,us-gaap/2025,20251231,4,USD,,,209298000.0
0001193125-26-085463,Assets,us-gaap/2025,20251231,0,USD,,,27696333000.0
0001193125-26-085756,InterestAndDividendIncomeOperating,us-gaap/2024,20251231,4,USD,,,3783009000.0
0001193125-26-093397,Liabilities,us-gaap/2025,20251231,0,USD,,,1120788000.0
0001193125-26-096665,EarningsPerShareBasic,us-gaap/2025,20251231,4,USD,,,1.24
0001193125-26-096665,InterestAndDividendIncomeOperating,us-gaap/2025,20251231,4,USD,,,330835000.0
0001193125-26-103638,Liabilities,us-gaap/2025,20251231,0,USD,,,1932895000.0
0001193125-26-103638,NetIncomeLoss,us-gaap/2025,20251231,4,USD,,,17541000.0
0001193125-26-104114,NetIncomeLoss,us-gaap/2025,20251231,4,USD,,,24892000.0
0001193125-26-105046,Assets,us-gaap/2025,20251231,0,USD,,,4410551000.0
0001193125-26-106151,Assets,us-gaap/2025,20251231,0,USD,,,2285147000.0
0001193125-26-107482,Liabilities,us-gaap/2025,20251231,0,USD,,,1776442000.0
0001193125-26-108381,NetIncomeLoss,us-gaap/2025,20251231,4,USD,,,13363000.0
0001193125-26-111012,Assets,us-gaap/2025,20251231,0,USD,,,1018797000.0
0001193125-26-128311,EarningsPerShareBasic,us-gaap/2025,20251231,4,USD,,,2.49
0001193125-26-128311,StockholdersEquity,us-gaap/2025,20251231,0,USD,,,184908000.0
0001193125-26-129567,StockholdersEquity,us-gaap/2025,20251231,0,USD,,,165755000.0
0001206774-26-000084,InterestAndDividendIncomeOperating,us-gaap/2025,20251231,4,USD,,,211481000.0
0001213900-26-024471,Liabilities,us-gaap/2025,20251231,0,USD,,,1404131000.0
0001295401-26-000002,EarningsPerShareBasic,us-gaap/2025,20251231,4,USD,,,4.99
0001331520-26-000051,EarningsPerShareBasic,us-gaap/2025,20251231,4,USD,,,2.41
0001336706-26-000020,InterestIncomeOperating,us-gaap/2025,20251231,4,USD,,,380204000.0
0001390777-26-000033,NetIncomeLoss,us-gaap/2025,20251231,4,USD,,,5549000000.0
0001419536-26-000073,EarningsPerShareBasic,us-gaap/2025,20251231,4,USD,,,3.45
0001437749-26-005320,StockholdersEquity,us-gaap/2025,20251231,0,USD,,,1573340000.0
0001437749-26-005830,NetIncomeLoss,us-gaap/2025,20251231,4,USD,,,140150000.0
0001437749-26-006157,InterestAndDividendIncomeOperating,us-gaap/2025,20251231,4,USD,,,1309260000.0
0001437749-26-006157,Liabilities,us-gaap/2025,20251231,0,USD,,,21304187000.0
0001437749-26-006820,InterestAndDividendIncomeOperating,us-gaap/2025,20251231,4,USD,,,279636000.0
0001437749-26-006820,StockholdersEquity,us-gaap/2025,20251231,0,USD,,,564934000.0
0001437749-26-007084,NetIncomeLoss,us-gaap/2025,20251231,4,USD,,,54586000.0
0001437749-26-007330,StockholdersEquity,us-gaap/2025,20251231,0,USD,,,191814000.0
0001437749-26-007387,InterestAndDividendIncomeOperating,us-gaap/2025,20251231,4,USD,,,221126000.0
0001437749-26-007758,InterestAndDividendIncomeOperating,us-gaap/2025,20251231,4,USD,,,102747000.0
0001437749-26-007758,Liabilities,us-gaap/2025,20251231,0,USD,,,1966840000.0
0001437749-26-007758,StockholdersEquity,us-gaap/2025,20251231,0,USD,,,273929000.0
0001437749-26-008073,EarningsPerShareBasic,us-gaap/2025,20251231,4,USD,,,1.76
0001437749-26-008215,EarningsPerShareBasic,us-gaap/2025,20251231,4,USD,,,4.89
0001437749-26-008446,EarningsPerShareBasic,us-gaap/2025,20251231,4,USD,,,2.22
0001437749-26-008446,NetIncomeLoss,us-gaap/2025,20251231,4,USD,,,22904000.0
0001437749-26-009181,StockholdersEquity,us-gaap/2025,20251231,0,USD,,,200455000.0
0001437749-26-009748,Assets,us-gaap/2025,20251231,0,USD,,,2037978000.0
0001437749-26-009757,EarningsPerShareBasic,us-gaap/2025,20251231,4,USD,,,2.9
0001437958-26-000013,EarningsPerShareBasic,us-gaap/2025,20251231,4,USD,,,3.12
0001473844-26-000006,InterestAndDividendIncomeOperating,us-gaap/2025,20251231,4,USD,,,574470000.0
0001473844-26-000006,StockholdersEquity,us-gaap/2025,20251231,0,USD,,,1668654000.0
0001488813-26-000029,Liabilities,us-gaap/2025,20251231,0,USD,,,22780351000.0
0001488813-26-000029,NetIncomeLoss,us-gaap/2025,20251231,4,USD,,,224088000.0
0001493152-26-008143,InterestAndDividendIncomeOperating,us-gaap/2025,20251231,4,USD,,,64354000.0
0001516912-26-000011,Liabilities,us-gaap/2025,20251231,0,USD,,,8478037000.0
0001518715-26-000026,Liabilities,us-gaap/2025,20251231,0,USD,,,19489100000.0
0001552781-26-000126,StockholdersEquity,us-gaap/2025,20251231,0,USD,,,167557000.0
0001562762-26-000027,Assets,us-gaap/2025,20251231,0,USD,,,2791540000.0
0001605301-26-000009,NetIncomeLoss,us-gaap/2025,20251231,4,USD,,,4903000.0
0001628280-26-008131,Assets,us-gaap/2025,20251231,0,USD,,,4424900000000.0
0001628280-26-008131,InterestIncomeOperating,us-gaap/2025,20251231,4,USD,,,193341000000.0
0001628280-26-008131,Liabilities,us-gaap/2025,20251231,0,USD,,,4062462000000.0
0001628280-26-010336,Assets,us-gaap/2025,20251231,0,USD,,,92774000000.0
0001628280-26-010336,NetIncomeLoss,us-gaap/2025,20251231,4,USD,,,969000000.0
0001628280-26-010336,StockholdersEquity,us-gaap/2025,20251231,0,USD,,,7653000000.0
0001628280-26-010546,EarningsPerShareBasic,us-gaap/2025,20251231,4,USD,,,1.53
0001628280-26-011618,EarningsPerShareBasic,us-gaap/2025,20251231,4,USD,,,-2.96
0001628280-26-011618,InterestAndDividendIncomeOperating,us-gaap/2025,20251231,4,USD,,,1243814000.0
0001628280-26-012724,Liabilities,us-gaap/2025,20251231,0,USD,,,4309029000.0
0001628280-26-016895,Assets,us-gaap/2025,20251231,0,USD,,,3690317000.0
0001628280-26-017229,EarningsPerShareBasic,us-gaap/2025,20251231,4,USD,,,3.61
0001628280-26-017546,Liabilities,us-gaap/2025,20251231,0,USD,,,2455526000.0
0001628280-26-017546,NetIncomeLoss,us-gaap/2025,20251231,4,USD,,,15104000.0
0001628280-26-021067,EarningsPerShareBasic,us-gaap/2025,20251231,4,USD,,,1.75
0001649749-26-000012,EarningsPerShareBasic,us-gaap/2025,20251231,4,USD,,,2.47
0001654954-26-002891,StockholdersEquity,us-gaap/2025,20251231,0,USD,,,104788000.0
0001675644-26-000017,InterestAndDividendIncomeOperating,us-gaap/2025,20251231,4,USD,,,118397000.0
0001709442-26-000017,Assets,us-gaap/2025,20251231,0,USD,,,8485162000.0
0001709442-26-000017,InterestAndDividendIncomeOperating,us-gaap/2025,20251231,4,USD,,,467769000.0
0001722010-26-000002,EarningsPerShareBasic,us-gaap/2025,20251231,4,USD,,,1.72
0001722010-26-000002,StockholdersEquity,us-gaap/2025,20251231,0,USD,,,227893000.0
0001747068-26-000010,Assets,us-gaap/2025,20251231,0,USD,,,4768400000.0
0001750735-26-000009,NetIncomeLoss,us-gaap/2025,20251231,4,USD,,,21836000.0
0001795815-26-000005,Liabilities,us-gaap/2025,20251231,0,USD,,,3456800000.0
0001823608-26-000048,Liabilities,us-gaap/2025,20251231,0,USD,,,8075372000.0
0001856365-26-000006,Liabilities,us-gaap/2025,20251231,0,USD,,,783940000.0
0001856365-26-000006,NetIncomeLoss,us-gaap/2025,20251231,4,USD,,,16091000.0
0002082866-26-000018,Assets,us-gaap/2025,20251231,0,USD,,,57706053000.0
0002082866-26-000018,EarningsPerShareBasic,us-gaap/2025,20251231,4,USD,,,8.15
0002082866-26-000018,NetIncomeLoss,us-gaap/2025,20251231,4,USD,,,641865000.0
